,Time,Observed rainfall - 01/08/2022 00:00,Urban net rain mm (Observed rainfall - 01/08/2022) - urbanised model,Rural net rain mm (Observed rainfall - 01/08/2022) - urbanised model,Sewer loss m3/s (Observed rainfall - 01/08/2022) - urbanised model,Total net rain mm (Observed rainfall - 01/08/2022) - urbanised model,Direct runoff m3/s (Observed rainfall - 01/08/2022) - urbanised model,Baseflow m3/s (Observed rainfall - 01/08/2022) - urbanised model,Total flow m3/s (Observed rainfall - 01/08/2022)- urbanised model
0,01/08/2022 00:00,0.0813112704506667,0.0059473408748148,0.0078822312509425,0,0.0138295721257574,0.0,0.147322084171302,0.147322084171302
1,01/08/2022 00:01,0.0813112704506667,0.0059494152852693,0.007895476021277,0,0.0138448913065464,1.50453391424586e-05,0.147273081091904,0.147288126431046
2,01/08/2022 00:02,0.0813112704506667,0.0059514896957239,0.0079087207916115,0,0.0138602104873354,6.01951605789746e-05,0.147224114474858,0.147284309635437
3,01/08/2022 00:03,0.0813112704506667,0.0059535641061784,0.0079219655619459,0,0.0138755296681244,0.0001354770723278,0.147175204493879,0.147310681566207
4,01/08/2022 00:04,0.0813112704506667,0.0059556385166329,0.0079352103322804,0,0.0138908488489134,0.0002409186824073,0.147126371349829,0.147367290032236
5,01/08/2022 00:05,0.0813112704506667,0.0059577129270874,0.0079484551026149,0,0.0139061680297024,0.0003765475988356,0.147077635270714,0.147454182869549
6,01/08/2022 00:06,0.0813112704506667,0.0061719695242134,0.0079616998729494,0,0.0141336693971628,0.0005423914296312,0.147029016511672,0.147571407941303
7,01/08/2022 00:07,0.0813112704506667,0.0062116706631298,0.0079749446432838,0,0.0141866153064137,0.0007387852987982,0.146980535472228,0.147719320771026
8,01/08/2022 00:08,0.0813112704506667,0.0062141599556752,0.0079881894136183,0,0.0142023493692936,0.0009661188628195,0.14693221283428,0.1478983316971
9,01/08/2022 00:09,0.0813112704506667,0.0062166492482207,0.0080014341839528,0,0.0142180834321735,0.001224474863481,0.146884069465774,0.148108544329255
10,01/08/2022 00:10,0.0813112704506667,0.0062191385407661,0.0080146789542872,0,0.0142338174950534,0.0015138821113794,0.146836126283052,0.148350008394431
11,01/08/2022 00:11,0.0813112704506667,0.0062216278333115,0.0080279237246217,0,0.0142495515579333,0.0018343694171117,0.14678840423028,0.148622773647392
12,01/08/2022 00:12,0.0813112704506667,0.0062241171258569,0.0080411684949562,0,0.0142652856208132,0.0021859655912747,0.146740924279435,0.14892688987071
13,01/08/2022 00:13,0.0813112704506667,0.0062266064184023,0.0080544132652907,0,0.0142810196836931,0.0025686994444653,0.146693707430295,0.149262406874761
14,01/08/2022 00:14,0.0813112704506667,0.0062290957109478,0.0080676580356251,0,0.014296753746573,0.0029825997872803,0.146646774710434,0.149629374497714
15,01/08/2022 00:15,0.0813112704506667,0.0062315850034932,0.0080809028059596,0,0.0143124878094529,0.0034276954303165,0.146600147175208,0.150027842605524
16,01/08/2022 00:16,0.0813112704506667,0.0062340742960386,0.0080941475762941,0,0.0143282218723328,0.0039040151841709,0.146553845907748,0.150457861091919
17,01/08/2022 00:17,0.0813112704506667,0.006236563588584,0.0081073923466285,0,0.0143439559352127,0.0044115878594402,0.146507892018952,0.150919479878392
18,01/08/2022 00:18,0.0813112704506667,0.0062390528811295,0.008120637116963,0,0.0143596899980926,0.0049504422667213,0.146462306647473,0.151412748914194
19,01/08/2022 00:19,0.0813112704506667,0.0062415421736749,0.0081338818872975,0,0.0143754240609725,0.005520607216611,0.146417110959711,0.151937718176322
20,01/08/2022 00:20,0.0813112704506667,0.0062440314662203,0.008147126657632,0,0.0143911581238523,0.0061221115197063,0.146372326149806,0.152494437669512
21,01/08/2022 00:21,0.0813112704506667,0.0062465207587657,0.0081603714279664,0,0.0144068921867322,0.0067549839866039,0.146327973439623,0.153082957426227
22,01/08/2022 00:22,0.0813112704506667,0.0062490100513111,0.0081736161983009,0,0.0144226262496121,0.0074192534279008,0.146284074078751,0.153703327506652
23,01/08/2022 00:23,0.0813112704506667,0.0062514993438566,0.0081868609686354,0,0.014438360312492,0.0081149486541937,0.146240649344485,0.154355597998678
24,01/08/2022 00:24,0.0813112704506667,0.006253988636402,0.0082001057389699,0,0.0144540943753719,0.0088420984760795,0.146197720541822,0.155039819017902
25,01/08/2022 00:25,0.0813112704506667,0.0062564779289474,0.0082133505093043,0,0.0144698284382518,0.0096007317041551,0.146155309003454,0.155756040707609
26,01/08/2022 00:26,0.0813112704506667,0.0062589672214928,0.0082265952796388,0,0.0144855625011317,0.0103908771490173,0.146113436089752,0.156504313238769
27,01/08/2022 00:27,0.0813112704506667,0.0062614565140382,0.0082398400499733,0,0.0145012965640116,0.011212563621263,0.146072123188761,0.157284686810024
28,01/08/2022 00:28,0.0813112704506667,0.0062639458065837,0.0082530848203077,0,0.0145170306268915,0.0120658199314889,0.14603139171619,0.158097211647679
29,01/08/2022 00:29,0.0813112704506667,0.0062664350991291,0.0082663295906422,0,0.0145327646897714,0.0129506748902921,0.145991263115406,0.158941938005698
30,01/08/2022 00:30,0.118179450594333,0.0091122021663319,0.0120380656206989,0,0.0211502677870309,0.0138671573082692,0.145951758857417,0.159818916165686
31,01/08/2022 00:31,0.118179450594333,0.0091174606239544,0.0120660442781901,0,0.0211835049021445,0.0148224808060356,0.145912902908339,0.160735383714375
32,01/08/2022 00:32,0.118179450594333,0.0091227190815769,0.0120940229356812,0,0.0212167420172581,0.0158238750291005,0.145874724205428,0.161698599234529
33,01/08/2022 00:33,0.118179450594333,0.0091279775391994,0.0121220015931723,0,0.0212499791323718,0.016871400837849,0.145837254207306,0.162708655045155
34,01/08/2022 00:34,0.118179450594333,0.0091332359968219,0.0121499802506634,0,0.0212832162474854,0.017965119092666,0.145800524435595,0.163765643528261
35,01/08/2022 00:35,0.118179450594333,0.0091384944544444,0.0121779589081546,0,0.021316453362599,0.0191050906539364,0.145764566474904,0.164869657128841
36,01/08/2022 00:36,0.118179450594333,0.0091437529120669,0.0122059375656457,0,0.0213496904777126,0.0202913763820452,0.145729411972801,0.166020788354847
37,01/08/2022 00:37,0.118179450594333,0.0091490113696894,0.0122339162231368,0,0.0213829275928262,0.0215240371373774,0.145695092639795,0.167219129777172
38,01/08/2022 00:38,0.118179450594333,0.0091542698273119,0.0122618948806279,0,0.0214161647079399,0.022803133780318,0.145661640249314,0.168464774029632
39,01/08/2022 00:39,0.118179450594333,0.0091595282849344,0.012289873538119,0,0.0214494018230535,0.024128727171252,0.145629086637685,0.169757813808937
40,01/08/2022 00:40,0.118179450594333,0.0091647867425569,0.0123178521956102,0,0.0214826389381671,0.0255008781705642,0.145597463704114,0.171098341874678
41,01/08/2022 00:41,0.118179450594333,0.0091700452001794,0.0123458308531013,0,0.0215158760532807,0.0269196476386397,0.145566803410662,0.172486451049302
42,01/08/2022 00:42,0.118179450594333,0.0091753036578019,0.0123738095105924,0,0.0215491131683943,0.0283850964358635,0.145537137782228,0.173922234218091
43,01/08/2022 00:43,0.118179450594333,0.0091805621154244,0.0124017881680835,0,0.0215823502835079,0.0298972854226205,0.145508498906524,0.175405784329144
44,01/08/2022 00:44,0.118179450594333,0.0091858205730469,0.0124297668255747,0,0.0216155873986216,0.0314562754592956,0.145480918934056,0.176937194393352
45,01/08/2022 00:45,0.118179450594333,0.0091910790306694,0.0124577454830658,0,0.0216488245137352,0.033062127406274,0.145454430078106,0.17851655748438
46,01/08/2022 00:46,0.118179450594333,0.0091963374882919,0.0124857241405569,0,0.0216820616288488,0.0347149021239404,0.145429064614706,0.180143966738646
47,01/08/2022 00:47,0.118179450594333,0.0092015959459144,0.012513702798048,0,0.0217152987439624,0.03641466047268,0.145404854882619,0.181819515355299
48,01/08/2022 00:48,0.118179450594333,0.0092068544035369,0.0125416814555391,0,0.021748535859076,0.0381614633128776,0.145381833283321,0.183543296596199
49,01/08/2022 00:49,0.118179450594333,0.0092121128611594,0.0125696601130303,0,0.0217817729741897,0.0399553715049182,0.145360032280977,0.185315403785895
50,01/08/2022 00:50,0.118179450594333,0.0092173713187819,0.0125976387705214,0,0.0218150100893033,0.0417964459091869,0.145339484402418,0.187135930311605
51,01/08/2022 00:51,0.118179450594333,0.0092226297764044,0.0126256174280125,0,0.0218482472044169,0.0436847473860685,0.145320222237128,0.189004969623197
52,01/08/2022 00:52,0.118179450594333,0.0092278882340269,0.0126535960855036,0,0.0218814843195305,0.045620336795948,0.145302278437215,0.190922615233163
53,01/08/2022 00:53,0.118179450594333,0.0092331466916494,0.0126815747429948,0,0.0219147214346441,0.0476032749992105,0.145285685717393,0.192888960716603
54,01/08/2022 00:54,0.118179450594333,0.0092384051492718,0.0127095534004859,0,0.0219479585497578,0.0496336228562409,0.145270476854963,0.194904099711204
55,01/08/2022 00:55,0.118179450594333,0.0092436636068943,0.012737532057977,0,0.0219811956648714,0.0517114412274241,0.145256684689791,0.196968125917215
56,01/08/2022 00:56,0.118179450594333,0.0092489220645168,0.0127655107154681,0,0.022014432779985,0.0538367909731451,0.145244342124286,0.199081133097431
57,01/08/2022 00:57,0.118179450594333,0.0092541805221393,0.0127934893729592,0,0.0220476698950986,0.056009732953789,0.14523348212338,0.201243215077169
58,01/08/2022 00:58,0.118179450594333,0.0092594389797618,0.0128214680304504,0,0.0220809070102122,0.0582303280297406,0.145224137714509,0.20345446574425
59,01/08/2022 00:59,0.118179450594333,0.0092646974373843,0.0128494466879415,0,0.0221141441253259,0.0604986370613849,0.145216341987588,0.205714979048973
60,01/08/2022 01:00,0.214923585902667,0.0168624472437633,0.0234399780444579,0,0.0403024252882212,0.0628147209091069,0.145210128094994,0.208024849004101
61,01/08/2022 01:01,0.214923585902667,0.0168798389664113,0.023532514123681,0,0.0404123530900923,0.0651982551759158,0.145205536185912,0.210403791361828
62,01/08/2022 01:02,0.214923585902667,0.0168972306890592,0.0236250502029042,0,0.0405222808919633,0.0676689856788678,0.145202620379988,0.212871606058855
63,01/08/2022 01:03,0.214923585902667,0.0169146224117071,0.0237175862821273,0,0.0406322086938344,0.0702271137064414,0.145201441913071,0.215428555619512
64,01/08/2022 01:04,0.214923585902667,0.016932014134355,0.0238101223613505,0,0.0407421364957055,0.0728728405471157,0.145202062243631,0.218074902790746
65,01/08/2022 01:05,0.214923585902667,0.016949405857003,0.0239026584405736,0,0.0408520642975766,0.0756063674893694,0.145204543052678,0.220810910542047
66,01/08/2022 01:06,0.214923585902667,0.0169667975796509,0.0239951945197967,0,0.0409619920994476,0.0784278958216812,0.145208946243694,0.223636842065375
67,01/08/2022 01:07,0.214923585902667,0.0169841893022988,0.0240877305990199,0,0.0410719199013187,0.0813376268325299,0.145215333942554,0.226552960775084
68,01/08/2022 01:08,0.214923585902667,0.0170015810249468,0.024180266678243,0,0.0411818477031898,0.0843357618103945,0.145223768497457,0.229559530307852
69,01/08/2022 01:09,0.214923585902667,0.0170189727475947,0.0242728027574662,0,0.0412917755050609,0.0874225020437535,0.145234312478847,0.2326568145226
70,01/08/2022 01:10,0.214923585902667,0.0170363644702426,0.0243653388366893,0,0.0414017033069319,0.090598048821086,0.145247028679342,0.235845077500428
71,01/08/2022 01:11,0.214923585902667,0.0170537561928905,0.0244578749159125,0,0.041511631108803,0.0938626034308706,0.14526198011366,0.23912458354453
72,01/08/2022 01:12,0.214923585902667,0.0170711479155385,0.0245504109951356,0,0.0416215589106741,0.0972163671615861,0.145279230018543,0.24249559718013
73,01/08/2022 01:13,0.214923585902667,0.0170885396381864,0.0246429470743588,0,0.0417314867125452,0.100659541301711,0.145298841852689,0.2459583831544
74,01/08/2022 01:14,0.214923585902667,0.0171059313608343,0.0247354831535819,0,0.0418414145144162,0.104192327139725,0.145320879296668,0.249513206436393
75,01/08/2022 01:15,0.214923585902667,0.0171233230834823,0.024828019232805,0,0.0419513423162873,0.107814925964106,0.145345406252859,0.253160332216966
76,01/08/2022 01:16,0.214923585902667,0.0171407148061302,0.0249205553120282,0,0.0420612701181584,0.111527539063333,0.145372486845369,0.256900025908703
77,01/08/2022 01:17,0.214923585902667,0.0171581065287781,0.0250130913912513,0,0.0421711979200294,0.115330367725886,0.145402185419962,0.260732553145848
78,01/08/2022 01:18,0.214923585902667,0.017175498251426,0.0251056274704745,0,0.0422811257219005,0.119223613240241,0.145434566543986,0.264658179784227
79,01/08/2022 01:19,0.214923585902667,0.017192889974074,0.0251981635496976,0,0.0423910535237716,0.12320747689488,0.145469695006295,0.268677171901174
80,01/08/2022 01:20,0.214923585902667,0.0172102816967219,0.0252906996289208,0,0.0425009813256427,0.127282159978279,0.145507635817181,0.27278979579546
81,01/08/2022 01:21,0.214923585902667,0.0172276734193698,0.0253832357081439,0,0.0426109091275137,0.131447863778919,0.145548454208298,0.276996317987217
82,01/08/2022 01:22,0.214923585902667,0.0172450651420178,0.0254757717873671,0,0.0427208369293848,0.135704789585278,0.145592215632587,0.281297005217865
83,01/08/2022 01:23,0.214923585902667,0.0172624568646657,0.0255683078665902,0,0.0428307647312559,0.140053138685834,0.145638985764205,0.285692124450039
84,01/08/2022 01:24,0.214923585902667,0.0172798485873136,0.0256608439458133,0,0.042940692533127,0.144493112369067,0.145688830498447,0.290181942867514
85,01/08/2022 01:25,0.214923585902667,0.0172972403099615,0.0257533800250365,0,0.043050620334998,0.149024911923455,0.145741815951678,0.294766727875133
86,01/08/2022 01:26,0.214923585902667,0.0173146320326095,0.0258459161042596,0,0.0431605481368691,0.153648738637477,0.145798008461256,0.299446747098733
87,01/08/2022 01:27,0.214923585902667,0.0173320237552574,0.0259384521834828,0,0.0432704759387402,0.158364793799612,0.14585747458546,0.304222268385072
88,01/08/2022 01:28,0.214923585902667,0.0173494154779053,0.0260309882627059,0,0.0433804037406113,0.163173278698339,0.145920281103415,0.309093559801753
89,01/08/2022 01:29,0.214923585902667,0.0173668072005533,0.0261235243419291,0,0.0434903315424823,0.168074394622136,0.145986495015019,0.314060889637154
90,01/08/2022 01:30,0.304910639520667,0.0246680109008007,0.0372200309207545,0,0.0618880418215552,0.173068342859482,0.14605618354087,0.319124526400352
91,01/08/2022 01:31,0.304910639520667,0.0247030150561621,0.0374062774104918,0,0.0621092924666539,0.178174851929956,0.146129421346355,0.324304273276311
92,01/08/2022 01:32,0.304910639520667,0.0247380192115235,0.037592523900229,0,0.0623305431117526,0.183413752274603,0.14620629782405,0.329620050098652
93,01/08/2022 01:33,0.304910639520667,0.0247730233668849,0.0377787703899663,0,0.0625517937568512,0.188785449024836,0.146286909987698,0.335072359012534
94,01/08/2022 01:34,0.304910639520667,0.0248080275222463,0.0379650168797036,0,0.0627730444019499,0.19429034731207,0.146371355307831,0.340661702619901
95,01/08/2022 01:35,0.304910639520667,0.0248430316776077,0.0381512633694408,0,0.0629942950470485,0.199928852267719,0.146459731711614,0.346388583979333
96,01/08/2022 01:36,0.304910639520667,0.0248780358329691,0.0383375098591781,0,0.0632155456921472,0.205701369023195,0.146552137582698,0.352253506605893
97,01/08/2022 01:37,0.304910639520667,0.0249130399883305,0.0385237563489154,0,0.0634367963372458,0.211608302709913,0.146648671761064,0.358256974470978
98,01/08/2022 01:38,0.304910639520667,0.0249480441436919,0.0387100028386526,0,0.0636580469823445,0.217650058459287,0.146749433542873,0.364399492002161
99,01/08/2022 01:39,0.304910639520667,0.0249830482990532,0.0388962493283899,0,0.0638792976274432,0.223827041402731,0.146854522680314,0.370681564083045
100,01/08/2022 01:40,0.304910639520667,0.0250180524544146,0.0390824958181272,0,0.0641005482725418,0.230139656671658,0.146964039381452,0.377103696053109
101,01/08/2022 01:41,0.304910639520667,0.025053056609776,0.0392687423078644,0,0.0643217989176405,0.236588309397481,0.147078084310076,0.383666393707558
102,01/08/2022 01:42,0.304910639520667,0.0250880607651374,0.0394549887976017,0,0.0645430495627391,0.243173404711615,0.147196758585551,0.390370163297166
103,01/08/2022 01:43,0.304910639520667,0.0251230649204988,0.039641235287339,0,0.0647643002078378,0.249895347745474,0.14732016378266,0.397215511528134
104,01/08/2022 01:44,0.304910639520667,0.0251580690758602,0.0398274817770762,0,0.0649855508529364,0.256754543630471,0.147448401931457,0.404202945561928
105,01/08/2022 01:45,0.304910639520667,0.0251930732312216,0.0400137282668135,0,0.0652068014980351,0.26375139749802,0.147581575517116,0.411332973015136
106,01/08/2022 01:46,0.304910639520667,0.025228077386583,0.0401999747565508,0,0.0654280521431338,0.270886314479534,0.147719787479777,0.418606101959311
107,01/08/2022 01:47,0.304910639520667,0.0252630815419444,0.0403862212462881,0,0.0656493027882324,0.278159699706428,0.147863141214394,0.426022840920822
108,01/08/2022 01:48,0.304910639520667,0.0252980856973058,0.0405724677360253,0,0.0658705534333311,0.285571958310116,0.148011740570589,0.433583698880705
109,01/08/2022 01:49,0.304910639520667,0.0253330898526671,0.0407587142257626,0,0.0660918040784297,0.29312349542201,0.148165689852494,0.441289185274505
110,01/08/2022 01:50,0.304910639520667,0.0253680940080285,0.0409449607154999,0,0.0663130547235284,0.300814716173526,0.148325093818606,0.449139809992132
111,01/08/2022 01:51,0.304910639520667,0.0254030981633899,0.0411312072052371,0,0.0665343053686271,0.308646025696076,0.148490057681631,0.457136083377707
112,01/08/2022 01:52,0.304910639520667,0.0254381023187513,0.0413174536949744,0,0.0667555560137257,0.316617829121074,0.148660687108334,0.465278516229408
113,01/08/2022 01:53,0.304910639520667,0.0254731064741127,0.0415037001847117,0,0.0669768066588244,0.324730531579934,0.148837088219392,0.473567619799326
114,01/08/2022 01:54,0.304910639520667,0.0255081106294741,0.0416899466744489,0,0.067198057303923,0.332984538204071,0.149019367589235,0.482003905793306
115,01/08/2022 01:55,0.304910639520667,0.0255431147848355,0.0418761931641862,0,0.0674193079490217,0.341380254124897,0.149207632245904,0.490587886370801
116,01/08/2022 01:56,0.304910639520667,0.0255781189401969,0.0420624396539235,0,0.0676405585941204,0.349918084473826,0.149401989670895,0.499320074144721
117,01/08/2022 01:57,0.304910639520667,0.0256131230955583,0.0422486861436608,0,0.067861809239219,0.358598434382273,0.149602547799006,0.508200982181279
118,01/08/2022 01:58,0.304910639520667,0.0256481272509197,0.042434932633398,0,0.0680830598843177,0.36742170898165,0.149809415018194,0.517231123999844
119,01/08/2022 01:59,0.304910639520667,0.025683131406281,0.0426211791231353,0,0.0683043105294164,0.376388313403373,0.150022700169416,0.526411013572788
120,01/08/2022 02:00,0.259827756752667,0.0219133484557193,0.0364663557207398,0,0.0583797041764591,0.385498652778854,0.150242512546482,0.535741165325336
121,01/08/2022 02:01,0.259827756752667,0.0219387666990343,0.0366015984810301,0,0.0585403651800644,0.394742448511306,0.150468957732964,0.54521140624427
122,01/08/2022 02:02,0.259827756752667,0.0219641849423493,0.0367368412413204,0,0.0587010261836697,0.404109366531185,0.150702133407456,0.554811499938642
123,01/08/2022 02:03,0.259827756752667,0.0219896031856643,0.0368720840016108,0,0.058861687187275,0.413599701024388,0.150942133442193,0.564541834466581
124,01/08/2022 02:04,0.259827756752667,0.0220150214289793,0.0370073267619011,0,0.0590223481908803,0.423213746176812,0.151189052033308,0.57440279821012
125,01/08/2022 02:05,0.259827756752667,0.0220404396722943,0.0371425695221914,0,0.0591830091944856,0.432951796174354,0.151442983700732,0.584394779875085
126,01/08/2022 02:06,0.259827756752667,0.0220658579156092,0.0372778122824817,0,0.0593436701980909,0.442814145202911,0.151704023288083,0.594518168490994
127,01/08/2022 02:07,0.259827756752667,0.0220912761589242,0.037413055042772,0,0.0595043312016962,0.452801087448381,0.151972265962558,0.604773353410938
128,01/08/2022 02:08,0.259827756752667,0.0221166944022392,0.0375482978030623,0,0.0596649922053015,0.46291291709666,0.152247807214827,0.615160724311487
129,01/08/2022 02:09,0.259827756752667,0.0221421126455542,0.0376835405633526,0,0.0598256532089068,0.473149928333646,0.152530742858924,0.62568067119257
130,01/08/2022 02:10,0.259827756752667,0.0221675308888692,0.0378187833236429,0,0.0599863142125121,0.483512415345236,0.152821169032141,0.636333584377378
131,01/08/2022 02:11,0.259827756752667,0.0221929491321842,0.0379540260839332,0,0.0601469752161174,0.494000672317327,0.153119182194919,0.647119854512246
132,01/08/2022 02:12,0.259827756752667,0.0222183673754992,0.0380892688442235,0,0.0603076362197227,0.504614993435817,0.153424879130739,0.658039872566555
133,01/08/2022 02:13,0.259827756752667,0.0222437856188142,0.0382245116045138,0,0.060468297223328,0.515355672886602,0.153738356946019,0.669094029832621
134,01/08/2022 02:14,0.259827756752667,0.0222692038621292,0.0383597543648042,0,0.0606289582269333,0.526223004855579,0.154059713070003,0.680282717925583
135,01/08/2022 02:15,0.259827756752667,0.0222946221054442,0.0384949971250945,0,0.0607896192305386,0.537217283528647,0.154389045254656,0.691606328783302
136,01/08/2022 02:16,0.259827756752667,0.0223200403487592,0.0386302398853848,0,0.0609502802341439,0.548338803091701,0.154726451574552,0.703065254666253
137,01/08/2022 02:17,0.259827756752667,0.0223454585920742,0.0387654826456751,0,0.0611109412377492,0.559587857730639,0.155072030426774,0.714659888157413
138,01/08/2022 02:18,0.259827756752667,0.0223708768353892,0.0389007254059654,0,0.0612716022413545,0.570964741631359,0.155425880530799,0.726390622162159
139,01/08/2022 02:19,0.259827756752667,0.0223962950787042,0.0390359681662557,0,0.0614322632449598,0.582469748979758,0.155788100928398,0.738257849908156
140,01/08/2022 02:20,0.259827756752667,0.0224217133220191,0.039171210926546,0,0.0615929242485651,0.594103173961732,0.156158790983523,0.750261964945255
141,01/08/2022 02:21,0.259827756752667,0.0224471315653341,0.0393064536868363,0,0.0617535852521705,0.605865310763178,0.156538050382202,0.76240336114538
142,01/08/2022 02:22,0.259827756752667,0.0224725498086491,0.0394416964471266,0,0.0619142462557758,0.617756453569996,0.156925979132433,0.774682432702429
143,01/08/2022 02:23,0.259827756752667,0.0224979680519641,0.0395769392074169,0,0.0620749072593811,0.629776896568079,0.157322677564075,0.787099574132155
144,01/08/2022 02:24,0.259827756752667,0.0225233862952791,0.0397121819677072,0,0.0622355682629864,0.641926933943328,0.157728246328743,0.79965518027207
145,01/08/2022 02:25,0.259827756752667,0.0225488045385941,0.0398474247279975,0,0.0623962292665916,0.654206859881638,0.158142786399697,0.812349646281334
146,01/08/2022 02:26,0.259827756752667,0.0225742227819091,0.0399826674882879,0,0.062556890270197,0.666616968568906,0.15856639907174,0.825183367640647
147,01/08/2022 02:27,0.259827756752667,0.0225996410252241,0.0401179102485782,0,0.0627175512738023,0.679157554191031,0.15899918596111,0.83815674015214
148,01/08/2022 02:28,0.259827756752667,0.0226250592685391,0.0402531530088685,0,0.0628782122774076,0.691828910933908,0.159441249005368,0.851270159939276
149,01/08/2022 02:29,0.259827756752667,0.0226504775118541,0.0403883957691588,0,0.0630388732810128,0.704631332983435,0.159892690463297,0.864524023446733
150,01/08/2022 02:30,0.174210362300333,0.0152010181514369,0.0271555126608127,0,0.0423565308122496,0.717565114525511,0.160353612914794,0.877918727440305
151,01/08/2022 02:31,0.174210362300333,0.0152124448932049,0.0272163108866649,0,0.0424287557798698,0.730608818267724,0.160824110484522,0.891432928752245
152,01/08/2022 02:32,0.174210362300333,0.0152238716349729,0.0272771091125171,0,0.04250098074749,0.743740925950183,0.16130426002058,0.905045185970762
153,01/08/2022 02:33,0.174210362300333,0.0152352983767409,0.0273379073383693,0,0.0425732057151102,0.756961569823815,0.161794129778755,0.91875569960257
154,01/08/2022 02:34,0.174210362300333,0.0152467251185089,0.0273987055642215,0,0.0426454306827304,0.770270882139551,0.162293788151777,0.932564670291328
155,01/08/2022 02:35,0.174210362300333,0.015258151860277,0.0274595037900737,0,0.0427176556503507,0.783668995148317,0.162803303669271,0.946472298817588
156,01/08/2022 02:36,0.174210362300333,0.015269578602045,0.0275203020159259,0,0.0427898806179709,0.797156041101043,0.163322744997715,0.960478786098757
157,01/08/2022 02:37,0.174210362300333,0.015281005343813,0.0275811002417781,0,0.0428621055855911,0.810732152248656,0.163852180940391,0.974584333189047
158,01/08/2022 02:38,0.174210362300333,0.015292432085581,0.0276418984676303,0,0.0429343305532113,0.824397460842086,0.164391680437344,0.988789141279431
159,01/08/2022 02:39,0.174210362300333,0.015303858827349,0.0277026966934825,0,0.0430065555208315,0.83815209913226,0.164941312565333,1.00309341169759
160,01/08/2022 02:40,0.174210362300333,0.015315285569117,0.0277634949193347,0,0.0430787804884517,0.851996199370108,0.165501146537784,1.01749734590789
161,01/08/2022 02:41,0.174210362300333,0.0153267123108851,0.0278242931451869,0,0.043151005456072,0.865929893806558,0.166071251704751,1.03200114551131
162,01/08/2022 02:42,0.174210362300333,0.0153381390526531,0.0278850913710391,0,0.0432232304236922,0.879953314692537,0.166651697552863,1.0466050122454
163,01/08/2022 02:43,0.174210362300333,0.0153495657944211,0.0279458895968913,0,0.0432954553913124,0.894066594278976,0.167242553705284,1.06130914798426
164,01/08/2022 02:44,0.174210362300333,0.0153609925361891,0.0280066878227435,0,0.0433676803589326,0.908269864816801,0.167843889921665,1.07611375473847
165,01/08/2022 02:45,0.174210362300333,0.0153724192779571,0.0280674860485957,0,0.0434399053265528,0.922563258556943,0.1684557760981,1.09101903465504
166,01/08/2022 02:46,0.174210362300333,0.0153838460197251,0.0281282842744479,0,0.0435121302941731,0.936946907750329,0.169078282267079,1.10602519001741
167,01/08/2022 02:47,0.174210362300333,0.0153952727614932,0.0281890825003001,0,0.0435843552617933,0.951420944647887,0.169711478597444,1.12113242324533
168,01/08/2022 02:48,0.174210362300333,0.0154066995032612,0.0282498807261523,0,0.0436565802294135,0.965985501500547,0.170355435394343,1.13634093689489
169,01/08/2022 02:49,0.174210362300333,0.0154181262450292,0.0283106789520045,0,0.0437288051970337,0.980640710559235,0.171010223099185,1.15165093365842
170,01/08/2022 02:50,0.174210362300333,0.0154295529867972,0.0283714771778567,0,0.0438010301646539,0.995386704074882,0.171675912289593,1.16706261636447
171,01/08/2022 02:51,0.174210362300333,0.0154409797285652,0.0284322754037089,0,0.0438732551322741,1.01022361429842,0.172352573679362,1.18257618797778
172,01/08/2022 02:52,0.174210362300333,0.0154524064703332,0.0284930736295611,0,0.0439454800998944,1.02515157348076,0.173040278118411,1.19819185159918
173,01/08/2022 02:53,0.174210362300333,0.0154638332121013,0.0285538718554133,0,0.0440177050675146,1.04017071387286,0.17373909659274,1.2139098104656
174,01/08/2022 02:54,0.174210362300333,0.0154752599538693,0.0286146700812655,0,0.0440899300351348,1.05528116772562,0.174449100224381,1.22973026795
175,01/08/2022 02:55,0.174210362300333,0.0154866866956373,0.0286754683071177,0,0.044162155002755,1.07048306728999,0.175170360271356,1.24565342756134
176,01/08/2022 02:56,0.174210362300333,0.0154981134374053,0.0287362665329699,0,0.0442343799703752,1.08577654481688,0.175902948127631,1.26167949294451
177,01/08/2022 02:57,0.174210362300333,0.0155095401791733,0.0287970647588221,0,0.0443066049379955,1.10116173255723,0.17664693532307,1.2778086678803
178,01/08/2022 02:58,0.174210362300333,0.0155209669209413,0.0288578629846743,0,0.0443788299056157,1.11663876276197,0.177402393523392,1.29404115628536
179,01/08/2022 02:59,0.174210362300333,0.0155323936627094,0.0289186612105265,0,0.0444510548732359,1.13220776768202,0.178169394530123,1.31037716221214
180,01/08/2022 03:00,0.149767281125,0.0133622112454978,0.0249097470347766,0,0.0382719582802744,1.14786887956831,0.178948010280551,1.32681688984886
181,01/08/2022 03:01,0.149767281125,0.013370656414333,0.0249546812157207,0,0.0383253376300537,1.16361575110167,0.179738310175898,1.34335406127757
182,01/08/2022 03:02,0.149767281125,0.0133791015831683,0.0249996153966648,0,0.0383787169798331,1.17944201770884,0.180540358400255,1.35998237610909
183,01/08/2022 03:03,0.149767281125,0.0133875467520035,0.0250445495776089,0,0.0384320963296125,1.19534777713258,0.181354216573277,1.37670199370586
184,01/08/2022 03:04,0.149767281125,0.0133959919208388,0.025089483758553,0,0.0384854756793918,1.21133312711567,0.182179946412113,1.39351307352779
185,01/08/2022 03:05,0.149767281125,0.013404437089674,0.0251344179394971,0,0.0385388550291712,1.22739816540089,0.183017609731372,1.41041577513226
186,01/08/2022 03:06,0.149767281125,0.0134128822585093,0.0251793521204413,0,0.0385922343789506,1.243542989731,0.183867268443092,1.42741025817409
187,01/08/2022 03:07,0.149767281125,0.0134213274273445,0.0252242863013854,0,0.0386456137287299,1.25976769784878,0.184728984556707,1.44449668240549
188,01/08/2022 03:08,0.149767281125,0.0134297725961798,0.0252692204823295,0,0.0386989930785093,1.276072387497,0.185602820179012,1.46167520767602
189,01/08/2022 03:09,0.149767281125,0.0134382177650151,0.0253141546632736,0,0.0387523724282886,1.29245715641844,0.186488837514136,1.47894599393258
190,01/08/2022 03:10,0.149767281125,0.0134466629338503,0.0253590888442177,0,0.038805751778068,1.30892210235586,0.187387098863506,1.49630920121936
191,01/08/2022 03:11,0.149767281125,0.0134551081026856,0.0254040230251618,0,0.0388591311278474,1.32546732305204,0.188297666625815,1.51376498967785
192,01/08/2022 03:12,0.149767281125,0.0134635532715208,0.0254489572061059,0,0.0389125104776267,1.34209291624974,0.189220603296988,1.53131351954673
193,01/08/2022 03:13,0.149767281125,0.0134719984403561,0.02549389138705,0,0.0389658898274061,1.35879897969175,0.190155971470156,1.54895495116191
194,01/08/2022 03:14,0.149767281125,0.0134804436091913,0.0255388255679941,0,0.0390192691771854,1.37558561112084,0.191103833835615,1.56668944495645
195,01/08/2022 03:15,0.149767281125,0.0134888887780266,0.0255837597489382,0,0.0390726485269648,1.39245290827977,0.192064253180801,1.58451716146057
196,01/08/2022 03:16,0.149767281125,0.0134973339468618,0.0256286939298823,0,0.0391260278767442,1.40940096891132,0.193037292390253,1.60243826130157
197,01/08/2022 03:17,0.149767281125,0.0135057791156971,0.0256736281108265,0,0.0391794072265235,1.42642989075826,0.194023014445582,1.62045290520384
198,01/08/2022 03:18,0.149767281125,0.0135142242845323,0.0257185622917706,0,0.0392327865763029,1.44353977156337,0.195021482425441,1.63856125398881
199,01/08/2022 03:19,0.149767281125,0.0135226694533676,0.0257634964727147,0,0.0392861659260823,1.46073070906941,0.196032759505488,1.6567634685749
200,01/08/2022 03:20,0.149767281125,0.0135311146222028,0.0258084306536588,0,0.0393395452758616,1.47800280101916,0.19705690895836,1.67505970997752
201,01/08/2022 03:21,0.149767281125,0.0135395597910381,0.0258533648346029,0,0.039392924625641,1.4953561451554,0.198093994153634,1.69345013930903
202,01/08/2022 03:22,0.149767281125,0.0135480049598733,0.025898299015547,0,0.0394463039754203,1.51279083922089,0.1991440785578,1.71193491777869
203,01/08/2022 03:23,0.149767281125,0.0135564501287086,0.0259432331964911,0,0.0394996833251997,1.5303069809584,0.200207225734226,1.73051420669263
204,01/08/2022 03:24,0.149767281125,0.0135648952975438,0.0259881673774352,0,0.0395530626749791,1.54790466811071,0.201283499343126,1.74918816745384
205,01/08/2022 03:25,0.149767281125,0.0135733404663791,0.0260331015583793,0,0.0396064420247584,1.5655839984206,0.202372963141529,1.76795696156213
206,01/08/2022 03:26,0.149767281125,0.0135817856352143,0.0260780357393234,0,0.0396598213745378,1.58334506963082,0.203475680983247,1.78682075061407
207,01/08/2022 03:27,0.149767281125,0.0135902308040496,0.0261229699202675,0,0.0397132007243171,1.60118797948417,0.20459171681884,1.80577969630301
208,01/08/2022 03:28,0.149767281125,0.0135986759728849,0.0261679041012116,0,0.0397665800740965,1.61911282572339,0.205721134695586,1.82483396041898
209,01/08/2022 03:29,0.149767281125,0.0136071211417201,0.0262128382821558,0,0.0398199594238759,1.63711970609129,0.206863998757451,1.84398370484874
210,01/08/2022 03:30,0.160965231247333,0.0146339279378487,0.0282228453435001,0,0.0428567732813488,1.65520871833061,0.208020373245051,1.86322909157566
211,01/08/2022 03:31,0.160965231247333,0.0146436831922755,0.0282747500923709,0,0.0429184332846463,1.6733830380879,0.209190323785706,1.8825733618736
212,01/08/2022 03:32,0.160965231247333,0.0146534384467022,0.0283266548412417,0,0.0429800932879439,1.69164584859102,0.210373918687486,1.90201976727851
213,01/08/2022 03:33,0.160965231247333,0.0146631937011289,0.0283785595901125,0,0.0430417532912414,1.70999726274543,0.211571227657398,1.92156849040283
214,01/08/2022 03:34,0.160965231247333,0.0146729489555556,0.0284304643389833,0,0.0431034132945389,1.72843739345659,0.212782320515552,1.94121971397214
215,01/08/2022 03:35,0.160965231247333,0.0146827042099823,0.0284823690878541,0,0.0431650732978364,1.74696635362994,0.214007267195129,1.96097362082507
216,01/08/2022 03:36,0.160965231247333,0.014692459464409,0.028534273836725,0,0.0432267333011339,1.76558425617094,0.215246137742341,1.98083039391328
217,01/08/2022 03:37,0.160965231247333,0.0147022147188357,0.0285861785855958,0,0.0432883933044315,1.78429121398504,0.216499002316394,2.00079021630143
218,01/08/2022 03:38,0.160965231247333,0.0147119699732624,0.0286380833344666,0,0.043350053307729,1.80308733997769,0.21776593118945,2.02085327116714
219,01/08/2022 03:39,0.160965231247333,0.0147217252276891,0.0286899880833374,0,0.0434117133110265,1.82197274705436,0.219046994746588,2.04101974180094
220,01/08/2022 03:40,0.160965231247333,0.0147314804821158,0.0287418928322082,0,0.043473373314324,1.84094754812048,0.220342263485771,2.06128981160625
221,01/08/2022 03:41,0.160965231247333,0.0147412357365425,0.028793797581079,0,0.0435350333176216,1.86001185608151,0.221651808017804,2.08166366409932
222,01/08/2022 03:42,0.160965231247333,0.0147509909909692,0.0288457023299499,0,0.0435966933209191,1.87916578384292,0.222975699066298,2.10214148290921
223,01/08/2022 03:43,0.160965231247333,0.0147607462453959,0.0288976070788207,0,0.0436583533242166,1.89840944431014,0.224314007467632,2.12272345177777
224,01/08/2022 03:44,0.160965231247333,0.0147705014998226,0.0289495118276915,0,0.0437200133275141,1.91774295038863,0.225666804170916,2.14340975455954
225,01/08/2022 03:45,0.160965231247333,0.0147802567542493,0.0290014165765623,0,0.0437816733308116,1.93716641498385,0.227034160237955,2.1642005752218
226,01/08/2022 03:46,0.160965231247333,0.014790012008676,0.0290533213254331,0,0.0438433333341092,1.95667995100124,0.228416146843208,2.18509609784445
227,01/08/2022 03:47,0.160965231247333,0.0147997672631028,0.0291052260743039,0,0.0439049933374067,1.97628367134627,0.229812835273752,2.20609650662002
228,01/08/2022 03:48,0.160965231247333,0.0148095225175295,0.0291571308231748,0,0.0439666533407042,1.99597768892438,0.231224296929249,2.22720198585363
229,01/08/2022 03:49,0.160965231247333,0.0148192777719562,0.0292090355720456,0,0.0440283133440017,2.01576211664103,0.232650603321899,2.24841271996293
230,01/08/2022 03:50,0.160965231247333,0.0148290330263829,0.0292609403209164,0,0.0440899733472992,2.03563706740167,0.234091826076412,2.26972889347808
231,01/08/2022 03:51,0.160965231247333,0.0148387882808096,0.0293128450697872,0,0.0441516333505968,2.05560265411175,0.235548036929966,2.29115069104172
232,01/08/2022 03:52,0.160965231247333,0.0148485435352363,0.029364749818658,0,0.0442132933538943,2.07565898967673,0.237019307732168,2.3126782974089
233,01/08/2022 03:53,0.160965231247333,0.014858298789663,0.0294166545675288,0,0.0442749533571918,2.09580618700206,0.238505710445023,2.33431189744708
234,01/08/2022 03:54,0.160965231247333,0.0148680540440897,0.0294685593163996,0,0.0443366133604893,2.11604435899319,0.240007317142888,2.35605167613607
235,01/08/2022 03:55,0.160965231247333,0.0148778092985164,0.0295204640652705,0,0.0443982733637869,2.13637361855557,0.241524200012442,2.37789781856801
236,01/08/2022 03:56,0.160965231247333,0.0148875645529431,0.0295723688141413,0,0.0444599333670844,2.15679407859466,0.243056431352644,2.39985050994731
237,01/08/2022 03:57,0.160965231247333,0.0148973198073698,0.0296242735630121,0,0.0445215933703819,2.17730585201591,0.2446040835747,2.42190993559061
238,01/08/2022 03:58,0.160965231247333,0.0149070750617965,0.0296761783118829,0,0.0445832533736794,2.19790905172478,0.246167229202021,2.4440762809268
239,01/08/2022 03:59,0.160965231247333,0.0149168303162232,0.0297280830607537,0,0.044644913376977,2.21860379062672,0.247745940870187,2.4663497314969
240,01/08/2022 04:00,0.154117165099333,0.0142913538139964,0.0285119780203491,0,0.0428033318343456,2.23939018162717,0.249340291326912,2.48873047295408
241,01/08/2022 04:01,0.154117165099333,0.0143002966747518,0.0285595602689907,0,0.0428598569437425,2.26026638326683,0.250950352599549,2.51121673586638
242,01/08/2022 04:02,0.154117165099333,0.0143092395355072,0.0286071425176323,0,0.0429163820531394,2.28123054938513,0.252576195160134,2.53380674454526
243,01/08/2022 04:03,0.154117165099333,0.0143181823962625,0.0286547247662738,0,0.0429729071625364,2.30228278348503,0.254217888752676,2.55650067223771
244,01/08/2022 04:04,0.154117165099333,0.0143271252570179,0.0287023070149154,0,0.0430294322719333,2.3234231890695,0.25587550322293,2.57929869229244
245,01/08/2022 04:05,0.154117165099333,0.0143360681177732,0.028749889263557,0,0.0430859573813302,2.34465186964151,0.257549108518362,2.60220097815987
246,01/08/2022 04:06,0.154117165099333,0.0143450109785286,0.0287974715121985,0,0.0431424824907271,2.36596892870401,0.259238774688112,2.62520770339213
247,01/08/2022 04:07,0.154117165099333,0.0143539538392839,0.0288450537608401,0,0.043199007600124,2.38737446975998,0.260944571882965,2.64831904164294
248,01/08/2022 04:08,0.154117165099333,0.0143628967000393,0.0288926360094817,0,0.0432555327095209,2.40886859631236,0.262666570355312,2.67153516666768
249,01/08/2022 04:09,0.154117165099333,0.0143718395607946,0.0289402182581232,0,0.0433120578189179,2.43045141186414,0.264404840459121,2.69485625232326
250,01/08/2022 04:10,0.154117165099333,0.01438078242155,0.0289878005067648,0,0.0433685829283148,2.45212301991827,0.2661594526499,2.71828247256817
251,01/08/2022 04:11,0.154117165099333,0.0143897252823053,0.0290353827554064,0,0.0434251080377117,2.47388352397771,0.267930477484664,2.74181400146237
252,01/08/2022 04:12,0.154117165099333,0.0143986681430607,0.0290829650040479,0,0.0434816331471086,2.49573302754543,0.269717985621904,2.76545101316733
253,01/08/2022 04:13,0.154117165099333,0.014407611003816,0.0291305472526895,0,0.0435381582565055,2.51767163412439,0.271522047821546,2.78919368194593
254,01/08/2022 04:14,0.154117165099333,0.0144165538645714,0.0291781295013311,0,0.0435946833659025,2.53969944721755,0.273342734944927,2.81304218216248
255,01/08/2022 04:15,0.154117165099333,0.0144254967253267,0.0292257117499726,0,0.0436512084752994,2.56181657032789,0.275180117954752,2.83699668828264
256,01/08/2022 04:16,0.154117165099333,0.0144344395860821,0.0292732939986142,0,0.0437077335846963,2.58402310695836,0.277034267915069,2.86105737487343
257,01/08/2022 04:17,0.154117165099333,0.0144433824468374,0.0293208762472558,0,0.0437642586940932,2.60631916061193,0.278905255991227,2.88522441660315
258,01/08/2022 04:18,0.154117165099333,0.0144523253075928,0.0293684584958973,0,0.0438207838034901,2.62870483479156,0.280793153449848,2.90949798824141
259,01/08/2022 04:19,0.154117165099333,0.0144612681683482,0.0294160407445389,0,0.043877308912887,2.65118023300021,0.282698031658791,2.933878264659
260,01/08/2022 04:20,0.154117165099333,0.0144702110291035,0.0294636229931805,0,0.043933834022284,2.67374545874085,0.28461996208712,2.95836542082797
261,01/08/2022 04:21,0.154117165099333,0.0144791538898589,0.029511205241822,0,0.0439903591316809,2.69640061551644,0.286559016305066,2.98295963182151
262,01/08/2022 04:22,0.154117165099333,0.0144880967506142,0.0295587874904636,0,0.0440468842410778,2.71914580682995,0.288515265983999,3.00766107281394
263,01/08/2022 04:23,0.154117165099333,0.0144970396113696,0.0296063697391052,0,0.0441034093504747,2.74198113618433,0.290488782896392,3.03246991908073
264,01/08/2022 04:24,0.154117165099333,0.0145059824721249,0.0296539519877467,0,0.0441599344598716,2.76490670708256,0.292479638915786,3.05738634599835
265,01/08/2022 04:25,0.154117165099333,0.0145149253328803,0.0297015342363883,0,0.0442164595692685,2.7879226230276,0.294487906016758,3.08241052904436
266,01/08/2022 04:26,0.154117165099333,0.0145238681936356,0.0297491164850298,0,0.0442729846786655,2.8110289875224,0.296513656274887,3.10754264379729
267,01/08/2022 04:27,0.154117165099333,0.014532811054391,0.0297966987336714,0,0.0443295097880624,2.83422590406994,0.29855696186672,3.13278286593666
268,01/08/2022 04:28,0.154117165099333,0.0145417539151463,0.029844280982313,0,0.0443860348974593,2.85751347617318,0.300617895069739,3.15813137124292
269,01/08/2022 04:29,0.154117165099333,0.0145506967759017,0.0298918632309545,0,0.0444425600068562,2.88089180733508,0.302696528262328,3.1835883355974
270,01/08/2022 04:30,0.150531066763,0.014220754858174,0.0292422543026848,0,0.0434630091608588,2.9043610010586,0.304792933923737,3.20915393498234
271,01/08/2022 04:31,0.150531066763,0.0142292863842735,0.0292876479644296,0,0.0435169343487031,2.92792010132778,0.306907184176342,3.23482728550413
272,01/08/2022 04:32,0.150531066763,0.014237817910373,0.0293330416261743,0,0.0435708595365473,2.95156814974631,0.309039350326666,3.26060750007298
273,01/08/2022 04:33,0.150531066763,0.0142463494364725,0.029378435287919,0,0.0436247847243915,2.97530524505645,0.311189503320488,3.28649474837694
274,01/08/2022 04:34,0.150531066763,0.014254880962572,0.0294238289496638,0,0.0436787099122358,2.99913148600044,0.313357714199184,3.31248920019962
275,01/08/2022 04:35,0.150531066763,0.0142634124886715,0.0294692226114085,0,0.04373263510008,3.02304697132054,0.315544054099694,3.33859102542023
276,01/08/2022 04:36,0.150531066763,0.014271944014771,0.0295146162731532,0,0.0437865602879242,3.04705134595397,0.317748594254494,3.36479994020847
277,01/08/2022 04:37,0.150531066763,0.0142804755408705,0.029560009934898,0,0.0438404854757685,3.07112697242099,0.319971405991561,3.39109837841255
278,01/08/2022 04:38,0.150531066763,0.01428900706697,0.0296054035966427,0,0.0438944106636127,3.09526480600998,0.322212560734341,3.41747736674433
279,01/08/2022 04:39,0.150531066763,0.0142975385930695,0.0296507972583874,0,0.043948335851457,3.11946493593166,0.324472130001719,3.44393706593338
280,01/08/2022 04:40,0.150531066763,0.014306070119169,0.0296961909201322,0,0.0440022610393012,3.14372745139673,0.326750185407989,3.47047763680472
281,01/08/2022 04:41,0.150531066763,0.0143146016452686,0.0297415845818769,0,0.0440561862271455,3.16805244161589,0.329046798662815,3.4970992402787
282,01/08/2022 04:42,0.150531066763,0.0143231331713681,0.0297869782436216,0,0.0441101114149897,3.19243997960953,0.331362041571207,3.52380202118074
283,01/08/2022 04:43,0.150531066763,0.0143316646974676,0.0298323719053664,0,0.0441640366028339,3.21688951895102,0.333695986033488,3.55058550498451
284,01/08/2022 04:44,0.150531066763,0.0143401962235671,0.0298777655671111,0,0.0442179617906782,3.24140071062661,0.336048704045257,3.57744941467186
285,01/08/2022 04:45,0.150531066763,0.0143487277496666,0.0299231592288558,0,0.0442718869785224,3.26597358477082,0.338420267697364,3.60439385246819
286,01/08/2022 04:46,0.150531066763,0.0143572592757661,0.0299685528906005,0,0.0443258121663666,3.29060822868806,0.340810749175874,3.63141897786393
287,01/08/2022 04:47,0.150531066763,0.0143657908018656,0.0300139465523453,0,0.0443797373542109,3.31530472968272,0.343220220762036,3.65852495044476
288,01/08/2022 04:48,0.150531066763,0.0143743223279651,0.03005934021409,0,0.0444336625420551,3.3400631750592,0.345648754832253,3.68571192989145
289,01/08/2022 04:49,0.150531066763,0.0143828538540646,0.0301047338758348,0,0.0444875877298994,3.36488365212188,0.34809642385805,3.71298007597993
290,01/08/2022 04:50,0.150531066763,0.0143913853801641,0.0301501275375795,0,0.0445415129177436,3.38976624817518,0.350563300406041,3.74032954858122
291,01/08/2022 04:51,0.150531066763,0.0143999169062636,0.0301955211993242,0,0.0445954381055878,3.41471105052349,0.353049457137896,3.76776050766138
292,01/08/2022 04:52,0.150531066763,0.0144084484323631,0.0302409148610689,0,0.0446493632934321,3.4397181464712,0.355554966810314,3.79527311328151
293,01/08/2022 04:53,0.150531066763,0.0144169799584626,0.0302863085228137,0,0.0447032884812763,3.4647876233227,0.358079902274989,3.82286752559769
294,01/08/2022 04:54,0.150531066763,0.0144255114845621,0.0303317021845584,0,0.0447572136691205,3.4899195683824,0.360624336478576,3.85054390486098
295,01/08/2022 04:55,0.150531066763,0.0144340430106616,0.0303770958463031,0,0.0448111388569648,3.5151140689547,0.363188342462664,3.87830241141736
296,01/08/2022 04:56,0.150531066763,0.0144425745367612,0.0304224895080479,0,0.044865064044809,3.54037121234398,0.36577199336374,3.90614320570772
297,01/08/2022 04:57,0.150531066763,0.0144511060628607,0.0304678831697926,0,0.0449189892326533,3.56569108585465,0.368375362413162,3.93406644826781
298,01/08/2022 04:58,0.150531066763,0.0144596375889602,0.0305132768315373,0,0.0449729144204975,3.5910737767911,0.370998522937121,3.96207229972822
299,01/08/2022 04:59,0.150531066763,0.0144681691150597,0.0305586704932821,0,0.0450268396083417,3.61651937245773,0.373641548356617,3.99016092081435
300,01/08/2022 05:00,0.122084649687,0.0117403307494778,0.0248172214403597,0,0.0365575521898376,3.64202796015893,0.376304512187423,4.01833247234635
301,01/08/2022 05:01,0.122084649687,0.0117459424768976,0.0248470797392532,0,0.0365930222161508,3.66759094375352,0.378987484240963,4.04657842799448
302,01/08/2022 05:02,0.122084649687,0.0117515542043174,0.0248769380381467,0,0.0366284922424641,3.6931997102037,0.381690526816676,4.07489023702038
303,01/08/2022 05:03,0.122084649687,0.0117571659317371,0.0249067963370402,0,0.0366639622687773,3.71885431302069,0.384413698483212,4.1032680115039
304,01/08/2022 05:04,0.122084649687,0.0117627776591569,0.0249366546359337,0,0.0366994322950906,3.74455480571567,0.387157057868138,4.13171186358381
305,01/08/2022 05:05,0.122084649687,0.0117683893865767,0.0249665129348272,0,0.0367349023214039,3.77030124179988,0.389920663657926,4.1602219054578
306,01/08/2022 05:06,0.122084649687,0.0117740011139965,0.0249963712337207,0,0.0367703723477171,3.79609345783144,0.392704574597927,4.18879803242936
307,01/08/2022 05:07,0.122084649687,0.0117796128414162,0.0250262295326142,0,0.0368058423740304,3.82192302793329,0.395508849492353,4.21743187742564
308,01/08/2022 05:08,0.122084649687,0.011785224568836,0.0250560878315077,0,0.0368413124003437,3.84778562891937,0.398333547204263,4.24611917612363
309,01/08/2022 05:09,0.122084649687,0.0117908362962558,0.0250859461304011,0,0.0368767824266569,3.87368130157707,0.401178726655533,4.2748600282326
310,01/08/2022 05:10,0.122084649687,0.0117964480236755,0.0251158044292946,0,0.0369122524529702,3.89961008669375,0.404044446826845,4.3036545335206
311,01/08/2022 05:11,0.122084649687,0.0118020597510953,0.0251456627281881,0,0.0369477224792834,3.92557202505681,0.406930766757666,4.33250279181448
312,01/08/2022 05:12,0.122084649687,0.0118076714785151,0.0251755210270816,0,0.0369831925055967,3.95156715745363,0.409837745546225,4.36140490299985
313,01/08/2022 05:13,0.122084649687,0.0118132832059348,0.0252053793259751,0,0.03701866253191,3.97759552467157,0.412765442349496,4.39036096702107
314,01/08/2022 05:14,0.122084649687,0.0118188949333546,0.0252352376248686,0,0.0370541325582232,4.00365716749804,0.415713916383177,4.41937108388121
315,01/08/2022 05:15,0.122084649687,0.0118245066607744,0.0252650959237621,0,0.0370896025845365,4.02975212672039,0.418683226921674,4.44843535364206
316,01/08/2022 05:16,0.122084649687,0.0118301183881942,0.0252949542226556,0,0.0371250726108497,4.05588044312602,0.421673433298077,4.4775538764241
317,01/08/2022 05:17,0.122084649687,0.0118357301156139,0.0253248125215491,0,0.037160542637163,4.08204215750231,0.424684594904142,4.50672675240646
318,01/08/2022 05:18,0.122084649687,0.0118413418430337,0.0253546708204426,0,0.0371960126634762,4.10823731063664,0.427716771190274,4.53595408182692
319,01/08/2022 05:19,0.122084649687,0.0118469535704535,0.025384529119336,0,0.0372314826897895,4.13446594331639,0.430770021665504,4.5652359649819
320,01/08/2022 05:20,0.122084649687,0.0118525652978732,0.0254143874182295,0,0.0372669527161028,4.16072809632893,0.43384440589747,4.5945725022264
321,01/08/2022 05:21,0.122084649687,0.011858177025293,0.025444245717123,0,0.037302422742416,4.18702381046166,0.436939983512401,4.62396379397406
322,01/08/2022 05:22,0.122084649687,0.0118637887527128,0.0254741040160165,0,0.0373378927687293,4.21335312650194,0.440056814195091,4.65340994069703
323,01/08/2022 05:23,0.122084649687,0.0118694004801325,0.02550396231491,0,0.0373733627950425,4.23971608523717,0.443194957688887,4.68291104292606
324,01/08/2022 05:24,0.122084649687,0.0118750122075523,0.0255338206138035,0,0.0374088328213558,4.26611272745472,0.446354473795665,4.71246720125039
325,01/08/2022 05:25,0.122084649687,0.0118806239349721,0.025563678912697,0,0.0374443028476691,4.29254309394197,0.449535422375811,4.74207851631778
326,01/08/2022 05:26,0.122084649687,0.0118862356623919,0.0255935372115905,0,0.0374797728739823,4.3190072254863,0.452737863348201,4.7717450888345
327,01/08/2022 05:27,0.122084649687,0.0118918473898116,0.025623395510484,0,0.0375152429002956,4.34550516287509,0.455961856690184,4.80146701956528
328,01/08/2022 05:28,0.122084649687,0.0118974591172314,0.0256532538093775,0,0.0375507129266088,4.37203694689574,0.459207462437561,4.8312444093333
329,01/08/2022 05:29,0.122084649687,0.0119030708446512,0.0256831121082709,0,0.0375861829529221,4.3986026183356,0.462474740684565,4.86107735902017
330,01/08/2022 05:30,0.0827466521519355,0.0080708656283544,0.0174245015601339,0,0.0254953671884883,4.42520221798207,0.465763751583843,4.89096596956591
331,01/08/2022 05:31,0.0827466521519355,0.0080734435832131,0.0174382180757356,0,0.0255116616589488,4.45182346744188,0.469074549905014,4.92089801734689
332,01/08/2022 05:32,0.0827466521519355,0.0080760215380719,0.0174519345913373,0,0.0255279561294092,4.4784540707656,0.472407179585049,4.95086125035064
333,01/08/2022 05:33,0.0827466521519355,0.0080785994929306,0.017465651106939,0,0.0255442505998696,4.50509403362829,0.475761679152098,4.98085571278039
334,01/08/2022 05:34,0.0827466521519355,0.0080811774477893,0.0174793676225407,0,0.0255605450703301,4.53174336170505,0.479138087157513,5.01088144886257
335,01/08/2022 05:35,0.0827466521519355,0.008083755402648,0.0174930841381424,0,0.0255768395407905,4.55840206067096,0.482536442175841,5.0409385028468
336,01/08/2022 05:36,0.0827466521519355,0.0080863333575068,0.0175068006537441,0,0.025593134011251,4.58506955686472,0.48595678280481,5.07102633966953
337,01/08/2022 05:37,0.0827466521519355,0.0080889113123655,0.0175205171693459,0,0.0256094284817114,4.61172321283075,0.489399147665331,5.10112236049608
338,01/08/2022 05:38,0.0827466521519355,0.0080914892672242,0.0175342336849476,0,0.0256257229521718,4.63835133252277,0.492863575401482,5.13121490792425
339,01/08/2022 05:39,0.0827466521519355,0.0080940672220829,0.0175479502005493,0,0.0256420174226323,4.66495386586564,0.496350104680506,5.16130397054614
340,01/08/2022 05:40,0.0827466521519355,0.0080966451769417,0.017561666716151,0,0.0256583118930927,4.69153076278424,0.499858774192798,5.19138953697704
341,01/08/2022 05:41,0.0827466521519355,0.0080992231318004,0.0175753832317527,0,0.0256746063635531,4.71808197320343,0.503389622651902,5.22147159585533
342,01/08/2022 05:42,0.0827466521519355,0.0081018010866591,0.0175890997473544,0,0.0256909008340136,4.74460744704809,0.506942688794501,5.25155013584259
343,01/08/2022 05:43,0.0827466521519355,0.0081043790415179,0.0176028162629561,0,0.025707195304474,4.77110713424309,0.510518011380409,5.2816251456235
344,01/08/2022 05:44,0.0827466521519355,0.0081069569963766,0.0176165327785578,0,0.0257234897749344,4.79758098471331,0.514115629192566,5.31169661390587
345,01/08/2022 05:45,0.0827466521519355,0.0081095349512353,0.0176302492941595,0,0.0257397842453949,4.82402894838361,0.517735581037026,5.34176452942063
346,01/08/2022 05:46,0.0827466521519355,0.008112112906094,0.0176439658097612,0,0.0257560787158553,4.85045097517887,0.521377905742952,5.37182888092182
347,01/08/2022 05:47,0.0827466521519355,0.0081146908609528,0.0176576823253629,0,0.0257723731863157,4.87684701502396,0.52504264216261,5.40188965718657
348,01/08/2022 05:48,0.0827466521519355,0.0081172688158115,0.0176713988409646,0,0.0257886676567762,4.90321701784375,0.528729829171357,5.43194684701511
349,01/08/2022 05:49,0.0827466521519355,0.0081198467706702,0.0176851153565664,0,0.0258049621272366,4.92956093356311,0.532439505667637,5.46200043923074
350,01/08/2022 05:50,0.0827466521519355,0.0081224247255289,0.0176988318721681,0,0.025821256597697,4.95587871210691,0.53617171057297,5.49205042267988
351,01/08/2022 05:51,0.0827466521519355,0.0081250026803877,0.0177125483877698,0,0.0258375510681575,4.98217030340004,0.539926482831949,5.52209678623199
352,01/08/2022 05:52,0.0827466521519355,0.0081275806352464,0.0177262649033715,0,0.0258538455386179,5.00843565736735,0.543703861412226,5.55213951877958
353,01/08/2022 05:53,0.0827466521519355,0.0081301585901051,0.0177399814189732,0,0.0258701400090783,5.03467472393373,0.547503885304513,5.58217860923825
354,01/08/2022 05:54,0.0827466521519355,0.0081327365449638,0.0177536979345749,0,0.0258864344795388,5.06088745302404,0.551326593522563,5.6122140465466
355,01/08/2022 05:55,0.0827466521519355,0.0081353144998226,0.0177674144501766,0,0.0259027289499992,5.08707379456316,0.555172025103174,5.64224581966633
356,01/08/2022 05:56,0.0827466521519355,0.0081378924546813,0.0177811309657783,0,0.0259190234204597,5.11323369847595,0.559040219106172,5.67227391758212
357,01/08/2022 05:57,0.0827466521519355,0.00814047040954,0.01779484748138,0,0.0259353178909201,5.13936711468729,0.562931214614409,5.70229832930169
358,01/08/2022 05:58,0.0827466521519355,0.0081430483643988,0.0178085639969817,0,0.0259516123613805,5.16547399312206,0.566845050733754,5.73231904385581
359,01/08/2022 05:59,0.0827466521519355,0.0081456263192575,0.0178222805125834,0,0.025967906831841,5.19155428370511,0.570781766593083,5.76233605029819
360,01/08/2022 06:00,0.0827466521519355,0.0081482042741162,0.0178359970281851,0,0.0259842013023014,5.21760793636133,0.574741401344276,5.79234933770561
