Time,Observed rainfall - 01/08/2022 00:00,Urban net rain mm (Observed rainfall - 01/08/2022) - urbanised model,Rural net rain mm (Observed rainfall - 01/08/2022) - urbanised model,Sewer loss m3/s (Observed rainfall - 01/08/2022) - urbanised model,Total net rain mm (Observed rainfall - 01/08/2022) - urbanised model,Direct runoff m3/s (Observed rainfall - 01/08/2022) - urbanised model,Baseflow m3/s (Observed rainfall - 01/08/2022) - urbanised model,Total flow m3/s (Observed rainfall - 01/08/2022)- urbanised model
01/08/2022 00:00,0.03436818,0.002513535,0.00333,0,0.005843535,0.0,0.147322084,0.147322084
01/08/2022 00:01,0.034614618,0.002531933,0.00335627,0,0.005888202,6.36e-06,0.147273078,0.147279436
01/08/2022 00:02,0.034863046,0.002550484,0.003382784,0,0.005933268,2.55e-05,0.147224097,0.147249575
01/08/2022 00:03,0.035113485,0.002569191,0.003409545,0,0.005978736,5.75e-05,0.147175149,0.147232608
01/08/2022 00:04,0.035365953,0.002588055,0.003436557,0,0.006024611,0.000102397,0.147126244,0.147228641
01/08/2022 00:05,0.035620468,0.002607077,0.003463821,0,0.006070898,0.000160391,0.147077389,0.147237779
01/08/2022 00:06,0.035877051,0.002626259,0.003491341,0,0.0061176,0.000231539,0.147028593,0.147260132
01/08/2022 00:07,0.03613572,0.002645602,0.00351912,0,0.006164721,0.000315942,0.146979866,0.147295808
01/08/2022 00:08,0.036396495,0.002665108,0.00354716,0,0.006212268,0.000413701,0.146931216,0.147344917
01/08/2022 00:09,0.036659397,0.002684779,0.003575465,0,0.006260244,0.000524917,0.146882653,0.147407569
01/08/2022 00:10,0.036924445,0.002704616,0.003604037,0,0.006308653,0.000649693,0.146834184,0.147483878
01/08/2022 00:11,0.03719166,0.002724622,0.003632879,0,0.006357501,0.000788133,0.14678582,0.147573954
01/08/2022 00:12,0.037461063,0.002744796,0.003661996,0,0.006406792,0.000940342,0.14673757,0.147677912
01/08/2022 00:13,0.037732674,0.002778394,0.003691389,0,0.006469783,0.001106424,0.146689442,0.147795867
01/08/2022 00:14,0.038006515,0.002902221,0.003721062,0,0.006623284,0.001286506,0.146641447,0.147927953
01/08/2022 00:15,0.038282607,0.002923854,0.003751019,0,0.006674872,0.001480864,0.146593593,0.148074457
01/08/2022 00:16,0.038560971,0.002945672,0.003781261,0,0.006726933,0.001689757,0.14654589,0.148235647
01/08/2022 00:17,0.038841629,0.002967677,0.003811794,0,0.006779471,0.001913297,0.146498349,0.148411646
01/08/2022 00:18,0.039124604,0.002989872,0.00384262,0,0.006832492,0.002151598,0.146450978,0.148602576
01/08/2022 00:19,0.039409917,0.003012258,0.003873742,0,0.006886,0.002404773,0.146403789,0.148808561
01/08/2022 00:20,0.039697592,0.003034837,0.003905164,0,0.006940001,0.002672937,0.14635679,0.149029727
01/08/2022 00:21,0.039987652,0.003057612,0.003936889,0,0.006994502,0.002956207,0.146309992,0.149266199
01/08/2022 00:22,0.040280118,0.003080584,0.003968922,0,0.007049506,0.0032547,0.146263406,0.149518106
01/08/2022 00:23,0.040575016,0.003103755,0.004001265,0,0.00710502,0.003568534,0.146217041,0.149785575
01/08/2022 00:24,0.040872368,0.003127127,0.004033923,0,0.00716105,0.003897829,0.146170908,0.150068737
01/08/2022 00:25,0.041172199,0.003150703,0.004066898,0,0.007217602,0.004242705,0.146125017,0.150367722
01/08/2022 00:26,0.041474532,0.003174485,0.004100196,0,0.00727468,0.004603283,0.146079379,0.150682662
01/08/2022 00:27,0.041779393,0.003198474,0.004133818,0,0.007332292,0.004979686,0.146034004,0.15101369
01/08/2022 00:28,0.042086806,0.003222672,0.00416777,0,0.007390443,0.005372039,0.145988904,0.151360942
01/08/2022 00:29,0.042396796,0.003247083,0.004202056,0,0.007449139,0.005780465,0.145944088,0.151724553
01/08/2022 00:30,0.042709389,0.003271708,0.004236678,0,0.007508387,0.006205091,0.145899568,0.152104659
01/08/2022 00:31,0.043024611,0.00329655,0.004271643,0,0.007568193,0.006646045,0.145855354,0.152501399
01/08/2022 00:32,0.043342487,0.00332161,0.004306952,0,0.007628562,0.007103454,0.145811459,0.152914912
01/08/2022 00:33,0.043663044,0.003346892,0.004342611,0,0.007689503,0.007577448,0.145767891,0.153345339
01/08/2022 00:34,0.043986308,0.003372397,0.004378624,0,0.00775102,0.008068158,0.145724664,0.153792823
01/08/2022 00:35,0.044312307,0.003398128,0.004414994,0,0.007813122,0.008575717,0.145681788,0.154257505
01/08/2022 00:36,0.044641068,0.003424086,0.004451728,0,0.007875814,0.009100257,0.145639275,0.154739532
01/08/2022 00:37,0.044972618,0.003450276,0.004488827,0,0.007939103,0.009641913,0.145597136,0.155239049
01/08/2022 00:38,0.045306986,0.003476698,0.004526299,0,0.008002997,0.01020082,0.145555382,0.155756202
01/08/2022 00:39,0.0456442,0.003503357,0.004564145,0,0.008067502,0.010777116,0.145514026,0.156291142
01/08/2022 00:40,0.045984288,0.003530253,0.004602373,0,0.008132625,0.011370939,0.145473079,0.156844018
01/08/2022 00:41,0.046327281,0.00355739,0.004640985,0,0.008198374,0.011982429,0.145432553,0.157414982
01/08/2022 00:42,0.046673206,0.00358477,0.004679987,0,0.008264756,0.012611727,0.145392459,0.158004186
01/08/2022 00:43,0.047022093,0.003612396,0.004719383,0,0.008331779,0.013258974,0.145352811,0.158611785
01/08/2022 00:44,0.047373974,0.00364027,0.004759179,0,0.008399449,0.013924315,0.14531362,0.159237934
01/08/2022 00:45,0.047728878,0.003668396,0.004799379,0,0.008467775,0.014607894,0.145274897,0.159882792
01/08/2022 00:46,0.048086837,0.003696776,0.004839989,0,0.008536764,0.015309859,0.145236657,0.160546516
01/08/2022 00:47,0.048447881,0.003725412,0.004881013,0,0.008606425,0.016030356,0.145198911,0.161229266
01/08/2022 00:48,0.048812042,0.003754308,0.004922456,0,0.008676765,0.016769534,0.145161671,0.161931205
01/08/2022 00:49,0.049179353,0.003783467,0.004964325,0,0.008747792,0.017527546,0.14512495,0.162652496
01/08/2022 00:50,0.049549845,0.00381289,0.005006624,0,0.008819514,0.018304542,0.145088762,0.163393303
01/08/2022 00:51,0.049923553,0.003842582,0.005049358,0,0.00889194,0.019100675,0.145053118,0.164153794
01/08/2022 00:52,0.050300508,0.003872545,0.005092534,0,0.008965079,0.019916102,0.145018032,0.164934135
01/08/2022 00:53,0.050680745,0.003902782,0.005136156,0,0.009038938,0.020750979,0.144983517,0.165734496
01/08/2022 00:54,0.051064298,0.003933297,0.005180231,0,0.009113527,0.021605463,0.144949587,0.16655505
01/08/2022 00:55,0.051451201,0.003964091,0.005224763,0,0.009188855,0.022479714,0.144916253,0.167395967
01/08/2022 00:56,0.05184149,0.00399517,0.00526976,0,0.00926493,0.023373893,0.144883531,0.168257424
01/08/2022 00:57,0.0522352,0.004026534,0.005315227,0,0.009341761,0.024288164,0.144851432,0.169139596
01/08/2022 00:58,0.052632367,0.004058189,0.005361169,0,0.009419358,0.025222689,0.144819972,0.170042661
01/08/2022 00:59,0.053033028,0.004090137,0.005407594,0,0.00949773,0.026177635,0.144789164,0.170966799
01/08/2022 01:00,0.053437219,0.004122381,0.005454506,0,0.009576887,0.02715317,0.14475902,0.17191219
01/08/2022 01:01,0.053844978,0.004154924,0.005501914,0,0.009656838,0.028149462,0.144729557,0.172879019
01/08/2022 01:02,0.054256342,0.004187771,0.005549822,0,0.009737593,0.029166682,0.144700787,0.173867469
01/08/2022 01:03,0.05467135,0.004220925,0.005598238,0,0.009819163,0.030205004,0.144672725,0.174877729
01/08/2022 01:04,0.055090042,0.004254388,0.005647168,0,0.009901556,0.0312646,0.144645385,0.175909985
01/08/2022 01:05,0.055512456,0.004288166,0.005696618,0,0.009984784,0.032345647,0.144618782,0.176964429
01/08/2022 01:06,0.055938632,0.00432226,0.005746597,0,0.010068857,0.033448323,0.14459293,0.178041253
01/08/2022 01:07,0.056368611,0.004356675,0.00579711,0,0.010153785,0.034572807,0.144567844,0.17914065
01/08/2022 01:08,0.056802434,0.004391415,0.005848164,0,0.010239579,0.03571928,0.144543538,0.180262818
01/08/2022 01:09,0.057240142,0.004426483,0.005899767,0,0.010326251,0.036887925,0.144520029,0.181407954
01/08/2022 01:10,0.057681777,0.004461884,0.005951927,0,0.010413811,0.038078927,0.14449733,0.182576257
01/08/2022 01:11,0.058127383,0.00449762,0.00600465,0,0.01050227,0.039292473,0.144475457,0.183767931
01/08/2022 01:12,0.058577002,0.004533697,0.006057943,0,0.01059164,0.040528752,0.144454426,0.184983178
01/08/2022 01:13,0.059030679,0.004570117,0.006111816,0,0.010681933,0.041787953,0.144434252,0.186222205
01/08/2022 01:14,0.059488457,0.004606885,0.006166275,0,0.01077316,0.04307027,0.14441495,0.18748522
01/08/2022 01:15,0.059950383,0.004644005,0.006221328,0,0.010865333,0.044375896,0.144396536,0.188772433
01/08/2022 01:16,0.060416501,0.004681482,0.006276983,0,0.010958465,0.045705029,0.144379027,0.190084056
01/08/2022 01:17,0.060886858,0.004719319,0.006333249,0,0.011052567,0.047057866,0.144362438,0.191420303
01/08/2022 01:18,0.061361501,0.00475752,0.006390133,0,0.011147653,0.048434608,0.144346785,0.192781393
01/08/2022 01:19,0.061840477,0.004796091,0.006447645,0,0.011243735,0.049835457,0.144332085,0.194167542
01/08/2022 01:20,0.062323836,0.004835035,0.006505792,0,0.011340827,0.051260618,0.144318354,0.195578972
01/08/2022 01:21,0.062811625,0.004874357,0.006564584,0,0.011438941,0.052710297,0.144305609,0.197015906
01/08/2022 01:22,0.063303895,0.004914061,0.006624029,0,0.01153809,0.054184704,0.144293866,0.19847857
01/08/2022 01:23,0.063800696,0.004954153,0.006684136,0,0.011638289,0.055684049,0.144283143,0.199967192
01/08/2022 01:24,0.06430208,0.004994636,0.006744915,0,0.011739551,0.057208545,0.144273456,0.201482001
01/08/2022 01:25,0.064808097,0.005035516,0.006806374,0,0.01184189,0.058758408,0.144264823,0.203023231
01/08/2022 01:26,0.065318801,0.005076797,0.006868524,0,0.011945321,0.060333855,0.144257261,0.204591116
01/08/2022 01:27,0.065834244,0.005118485,0.006931373,0,0.012049858,0.061935106,0.144250787,0.206185893
01/08/2022 01:28,0.066354482,0.005160583,0.006994932,0,0.012155516,0.063562383,0.14424542,0.207807803
01/08/2022 01:29,0.066879569,0.005203099,0.007059211,0,0.012262309,0.065215911,0.144241177,0.209457088
01/08/2022 01:30,0.06740956,0.005246035,0.007124219,0,0.012370254,0.066895916,0.144238076,0.211133992
01/08/2022 01:31,0.067944513,0.005289398,0.007189968,0,0.012479366,0.068602628,0.144236135,0.212838763
01/08/2022 01:32,0.068484484,0.005333193,0.007256467,0,0.01258966,0.070336278,0.144235373,0.214571651
01/08/2022 01:33,0.069029531,0.005377425,0.007323727,0,0.012701152,0.072097101,0.144235808,0.216332909
01/08/2022 01:34,0.069579715,0.0054221,0.007391759,0,0.012813859,0.073885333,0.144237459,0.218122792
01/08/2022 01:35,0.070135094,0.005467224,0.007460574,0,0.012927798,0.075701213,0.144240344,0.219941557
01/08/2022 01:36,0.07069573,0.005512801,0.007530184,0,0.013042985,0.077544984,0.144244482,0.221789466
01/08/2022 01:37,0.071261684,0.005558838,0.0076006,0,0.013159438,0.079416888,0.144249894,0.223666782
01/08/2022 01:38,0.071833019,0.005605341,0.007671833,0,0.013277174,0.081317174,0.144256597,0.225573771
01/08/2022 01:39,0.072409799,0.005652315,0.007743895,0,0.01339621,0.083246091,0.144264612,0.227510703
01/08/2022 01:40,0.072992088,0.005699766,0.007816799,0,0.013516565,0.085203891,0.144273958,0.229477849
01/08/2022 01:41,0.073579952,0.005747702,0.007890556,0,0.013638258,0.087190829,0.144284656,0.231475485
01/08/2022 01:42,0.074173458,0.005796126,0.00796518,0,0.013761306,0.089207163,0.144296724,0.233503887
01/08/2022 01:43,0.074772672,0.005845047,0.008040683,0,0.01388573,0.091253154,0.144310184,0.235563338
01/08/2022 01:44,0.075377665,0.005894471,0.008117077,0,0.014011548,0.093329064,0.144325057,0.237654121
01/08/2022 01:45,0.075988505,0.005944403,0.008194377,0,0.01413878,0.095435162,0.144341361,0.239776523
01/08/2022 01:46,0.076605263,0.005994851,0.008272595,0,0.014267446,0.097571714,0.14435912,0.241930834
01/08/2022 01:47,0.077228011,0.006045822,0.008351745,0,0.014397567,0.099738995,0.144378352,0.244117348
01/08/2022 01:48,0.077856823,0.006097322,0.008431841,0,0.014529163,0.101937279,0.144399081,0.24633636
01/08/2022 01:49,0.078491773,0.006149358,0.008512898,0,0.014662256,0.104166845,0.144421327,0.248588172
01/08/2022 01:50,0.079132936,0.006201937,0.00859493,0,0.014796867,0.106427974,0.144445111,0.250873085
01/08/2022 01:51,0.079780388,0.006255067,0.008677951,0,0.014933019,0.10872095,0.144470456,0.253191406
01/08/2022 01:52,0.080434208,0.006308755,0.008761977,0,0.015070732,0.111046062,0.144497384,0.255543446
01/08/2022 01:53,0.081094475,0.006363008,0.008847023,0,0.015210031,0.1134036,0.144525917,0.257929516
01/08/2022 01:54,0.081761269,0.006417834,0.008933104,0,0.015350938,0.115793859,0.144556077,0.260349935
01/08/2022 01:55,0.082434672,0.006473241,0.009020237,0,0.015493478,0.118217135,0.144587887,0.262805022
01/08/2022 01:56,0.083114766,0.006529236,0.009108437,0,0.015637673,0.120673732,0.14462137,0.265295102
01/08/2022 01:57,0.083801638,0.006585828,0.009197721,0,0.015783549,0.123163951,0.14465655,0.267820501
01/08/2022 01:58,0.084495371,0.006643024,0.009288106,0,0.01593113,0.125688102,0.144693449,0.270381551
01/08/2022 01:59,0.085196054,0.006700834,0.009379609,0,0.016080442,0.128246496,0.144732091,0.272978587
01/08/2022 02:00,0.085903775,0.006759264,0.009472247,0,0.016231511,0.130839448,0.1447725,0.275611948
01/08/2022 02:01,0.086618624,0.006818325,0.009566039,0,0.016384364,0.133467276,0.1448147,0.278281976
01/08/2022 02:02,0.087340694,0.006878024,0.009661002,0,0.016539026,0.136130303,0.144858715,0.280989018
01/08/2022 02:03,0.088070078,0.006938371,0.009757155,0,0.016695526,0.138828855,0.14490457,0.283733424
01/08/2022 02:04,0.088806869,0.006999374,0.009854517,0,0.016853891,0.141563261,0.144952289,0.28651555
01/08/2022 02:05,0.089551166,0.007061043,0.009953107,0,0.01701415,0.144333854,0.145001898,0.289335753
01/08/2022 02:06,0.090303066,0.007123387,0.010052944,0,0.017176331,0.147140974,0.145053422,0.292194396
01/08/2022 02:07,0.091062669,0.007186416,0.010154049,0,0.017340466,0.149984961,0.145106886,0.295091846
01/08/2022 02:08,0.091830077,0.00725014,0.010256443,0,0.017506582,0.15286616,0.145162316,0.298028475
01/08/2022 02:09,0.092605394,0.007314568,0.010360145,0,0.017674713,0.155784921,0.145219737,0.301004659
01/08/2022 02:10,0.093388723,0.00737971,0.010465178,0,0.017844888,0.158741599,0.145279178,0.304020776
01/08/2022 02:11,0.094180174,0.007445577,0.010571562,0,0.018017139,0.16173655,0.145340663,0.307077213
01/08/2022 02:12,0.094979854,0.007512179,0.010679321,0,0.0181915,0.164770138,0.145404219,0.310174357
01/08/2022 02:13,0.095787875,0.007579528,0.010788476,0,0.018368004,0.167842728,0.145469875,0.313312602
01/08/2022 02:14,0.09660435,0.007647633,0.010899051,0,0.018546684,0.170954692,0.145537656,0.316492347
01/08/2022 02:15,0.097429394,0.007716506,0.01101107,0,0.018727575,0.174106405,0.145607591,0.319713995
01/08/2022 02:16,0.098263123,0.007786158,0.011124555,0,0.018910713,0.177298247,0.145679707,0.322977954
01/08/2022 02:17,0.099105659,0.007856601,0.011239533,0,0.019096134,0.180530602,0.145754034,0.326284636
01/08/2022 02:18,0.099957121,0.007927846,0.011356027,0,0.019283874,0.183803861,0.145830598,0.329634459
01/08/2022 02:19,0.100817635,0.007999906,0.011474064,0,0.019473971,0.187118417,0.14590943,0.333027847
01/08/2022 02:20,0.101687325,0.008072793,0.01159367,0,0.019666463,0.190474669,0.145990557,0.336465226
01/08/2022 02:21,0.102566321,0.008146519,0.011714871,0,0.01986139,0.19387302,0.14607401,0.339947031
01/08/2022 02:22,0.103454754,0.008221097,0.011837694,0,0.020058791,0.19731388,0.146159818,0.343473699
01/08/2022 02:23,0.104352756,0.00829654,0.011962168,0,0.020258708,0.200797663,0.146248012,0.347045674
01/08/2022 02:24,0.105260465,0.00837286,0.012088321,0,0.020461181,0.204324787,0.14633862,0.350663407
01/08/2022 02:25,0.106178018,0.008450073,0.012216181,0,0.020666254,0.207895676,0.146431675,0.354327351
01/08/2022 02:26,0.107105558,0.008528191,0.01234578,0,0.02087397,0.211510761,0.146527206,0.358037968
01/08/2022 02:27,0.108043228,0.008607228,0.012477146,0,0.021084374,0.215170477,0.146625246,0.361795723
01/08/2022 02:28,0.108991175,0.008687199,0.012610311,0,0.02129751,0.218875263,0.146725825,0.365601088
01/08/2022 02:29,0.109949549,0.008768118,0.012745308,0,0.021513426,0.222625566,0.146828976,0.369454542
01/08/2022 02:30,0.110918504,0.008850001,0.012882167,0,0.021732168,0.226421838,0.146934731,0.373356569
01/08/2022 02:31,0.111898194,0.008932863,0.013020923,0,0.021953785,0.230264536,0.147043123,0.377307659
01/08/2022 02:32,0.11288878,0.009016719,0.013161609,0,0.022178327,0.234154124,0.147154184,0.381308307
01/08/2022 02:33,0.113890423,0.009101585,0.01330426,0,0.022405845,0.238091071,0.147267947,0.385359018
01/08/2022 02:34,0.114903289,0.009187477,0.013448912,0,0.022636389,0.242075853,0.147384448,0.3894603
01/08/2022 02:35,0.115927548,0.009274413,0.0135956,0,0.022870013,0.246108951,0.147503718,0.393612669
01/08/2022 02:36,0.116963373,0.009362409,0.013744363,0,0.023106771,0.250190854,0.147625794,0.397816647
01/08/2022 02:37,0.118010938,0.009451482,0.013895237,0,0.023346719,0.254322055,0.147750709,0.402072764
01/08/2022 02:38,0.119070425,0.00954165,0.014048263,0,0.023589913,0.258503056,0.147878499,0.406381555
01/08/2022 02:39,0.120142018,0.009632932,0.014203479,0,0.023836411,0.262734364,0.148009199,0.410743564
01/08/2022 02:40,0.121225904,0.009725346,0.014360927,0,0.024086273,0.267016494,0.148142846,0.41515934
01/08/2022 02:41,0.122322274,0.009818911,0.014520648,0,0.024339558,0.271349967,0.148279475,0.419629442
01/08/2022 02:42,0.123431326,0.009913646,0.014682685,0,0.02459633,0.27573531,0.148419123,0.424154433
01/08/2022 02:43,0.12455326,0.010009571,0.014847081,0,0.024856652,0.280173059,0.148561828,0.428734887
01/08/2022 02:44,0.125688279,0.010106706,0.015013883,0,0.025120589,0.284663756,0.148707627,0.433371383
01/08/2022 02:45,0.126836594,0.010205073,0.015183135,0,0.025388208,0.289207952,0.148856558,0.438064509
01/08/2022 02:46,0.127998419,0.010304692,0.015354885,0,0.025659577,0.293806203,0.149008659,0.442814861
01/08/2022 02:47,0.129173973,0.010405586,0.01552918,0,0.025934766,0.298459074,0.149163969,0.447623043
01/08/2022 02:48,0.130363479,0.010507775,0.015706072,0,0.026213847,0.303167139,0.149322527,0.452489666
01/08/2022 02:49,0.131567166,0.010611285,0.015885609,0,0.026496893,0.307930977,0.149484374,0.457415351
01/08/2022 02:50,0.13278527,0.010716136,0.016067844,0,0.026783981,0.312751178,0.149649548,0.462400726
01/08/2022 02:51,0.134018029,0.010822355,0.016252831,0,0.027075186,0.317628338,0.149818092,0.46744643
01/08/2022 02:52,0.13526569,0.010929964,0.016440624,0,0.027370588,0.322563063,0.149990045,0.472553108
01/08/2022 02:53,0.136528503,0.01103899,0.016631279,0,0.027670268,0.327555966,0.15016545,0.477721416
01/08/2022 02:54,0.137806726,0.011149457,0.016824853,0,0.027974311,0.33260767,0.150344348,0.482952018
01/08/2022 02:55,0.139100623,0.011261393,0.017021407,0,0.0282828,0.337718806,0.150526783,0.488245589
01/08/2022 02:56,0.140410463,0.011374824,0.017221,0,0.028595824,0.342890016,0.150712796,0.493602811
01/08/2022 02:57,0.141736524,0.011489778,0.017423694,0,0.028913472,0.348121947,0.150902431,0.499024378
01/08/2022 02:58,0.143079089,0.011606284,0.017629554,0,0.029235838,0.353415259,0.151095734,0.504510993
01/08/2022 02:59,0.144438449,0.01172437,0.017838645,0,0.029563015,0.358770621,0.151292747,0.510063368
01/08/2022 03:00,0.145814901,0.011844068,0.018051034,0,0.029895102,0.364188711,0.151493516,0.515682228
01/08/2022 03:01,0.147208751,0.011965406,0.018266791,0,0.030232197,0.369670218,0.151698087,0.521368305
01/08/2022 03:02,0.148620314,0.012088417,0.018485987,0,0.030574404,0.375215838,0.151906506,0.527122345
01/08/2022 03:03,0.15004991,0.012213134,0.018708695,0,0.030921829,0.380826282,0.15211882,0.532945102
01/08/2022 03:04,0.15149787,0.012339589,0.01893499,0,0.031274579,0.386502269,0.152335075,0.538837344
01/08/2022 03:05,0.152964533,0.012467817,0.01916495,0,0.031632767,0.392244528,0.152555319,0.544799848
01/08/2022 03:06,0.154450246,0.012597853,0.019398653,0,0.031996506,0.398053802,0.152779602,0.550833404
01/08/2022 03:07,0.155955368,0.012729732,0.019636183,0,0.032365915,0.403930841,0.153007972,0.556938812
01/08/2022 03:08,0.157480264,0.012863493,0.019877622,0,0.032741115,0.409876409,0.153240478,0.563116888
01/08/2022 03:09,0.159025314,0.012999173,0.020123058,0,0.03312223,0.415891283,0.153477171,0.569368455
01/08/2022 03:10,0.160590904,0.013136811,0.020372579,0,0.03350939,0.42197625,0.153718102,0.575694352
01/08/2022 03:11,0.162177433,0.013276448,0.020626278,0,0.033902726,0.428132109,0.153963321,0.58209543
01/08/2022 03:12,0.163785311,0.013418126,0.020884249,0,0.034302375,0.434359672,0.154212882,0.588572554
01/08/2022 03:13,0.165414961,0.013561886,0.02114659,0,0.034708476,0.440659765,0.154466836,0.595126601
01/08/2022 03:14,0.167066817,0.013707774,0.0214134,0,0.035121174,0.447033225,0.154725237,0.601758462
01/08/2022 03:15,0.168741324,0.013855834,0.021684784,0,0.035540618,0.453480902,0.15498814,0.608469042
01/08/2022 03:16,0.170438945,0.014006113,0.021960848,0,0.035966962,0.460003663,0.155255599,0.615259262
01/08/2022 03:17,0.172160152,0.01415866,0.022241703,0,0.036400363,0.466602386,0.155527668,0.622130054
01/08/2022 03:18,0.173905435,0.014313524,0.022527461,0,0.036840984,0.473277963,0.155804406,0.629082369
01/08/2022 03:19,0.175675297,0.014470756,0.02281824,0,0.037288996,0.480031302,0.156085868,0.63611717
01/08/2022 03:20,0.177470257,0.014630409,0.02311416,0,0.03774457,0.486863326,0.156372111,0.643235437
01/08/2022 03:21,0.179290851,0.014792538,0.023415348,0,0.038207886,0.493774971,0.156663195,0.650438166
01/08/2022 03:22,0.181137631,0.014957199,0.023721932,0,0.03867913,0.500767192,0.156959179,0.65772637
01/08/2022 03:23,0.183011169,0.015124449,0.024034044,0,0.039158494,0.507840956,0.157260121,0.665101078
01/08/2022 03:24,0.184912052,0.01529435,0.024351824,0,0.039646174,0.514997251,0.157566084,0.672563334
01/08/2022 03:25,0.186840889,0.015466963,0.024675413,0,0.040142376,0.522237077,0.157877128,0.680114204
01/08/2022 03:26,0.18879831,0.015642352,0.02500496,0,0.040647312,0.529561454,0.158193315,0.687754768
01/08/2022 03:27,0.190784965,0.015820584,0.025340615,0,0.041161199,0.536971418,0.158514709,0.695486127
01/08/2022 03:28,0.192801526,0.016001727,0.025682538,0,0.041684265,0.544468026,0.158841373,0.703309399
01/08/2022 03:29,0.194848689,0.016185852,0.026030892,0,0.042216745,0.552052349,0.159173373,0.711225722
01/08/2022 03:30,0.196927174,0.016373034,0.026385847,0,0.04275888,0.559725481,0.159510774,0.719236255
01/08/2022 03:31,0.199037728,0.016563347,0.026747577,0,0.043310924,0.567488531,0.159853643,0.727342174
01/08/2022 03:32,0.201181125,0.016756872,0.027116265,0,0.043873137,0.575342633,0.160202046,0.735544679
01/08/2022 03:33,0.203358165,0.01695369,0.027492099,0,0.04444579,0.583288937,0.160556053,0.74384499
01/08/2022 03:34,0.20556968,0.017153887,0.027875276,0,0.045029163,0.591328616,0.160915733,0.75224435
01/08/2022 03:35,0.207816533,0.017357549,0.028266,0,0.045623549,0.599462865,0.161281156,0.760744022
01/08/2022 03:36,0.21009962,0.01756477,0.02866448,0,0.04622925,0.6076929,0.161652394,0.769345294
01/08/2022 03:37,0.212419871,0.017775644,0.029070937,0,0.046846581,0.616019959,0.162029518,0.778049477
01/08/2022 03:38,0.214778254,0.01799027,0.0294856,0,0.04747587,0.624445304,0.162412602,0.786857907
01/08/2022 03:39,0.217175776,0.018208752,0.029908705,0,0.048117457,0.632970223,0.162801721,0.795771944
01/08/2022 03:40,0.219613482,0.018431195,0.0303405,0,0.048771696,0.641596025,0.163196949,0.804792974
01/08/2022 03:41,0.222092465,0.018657713,0.030781243,0,0.049438956,0.650324046,0.163598364,0.81392241
01/08/2022 03:42,0.224613859,0.018888421,0.0312312,0,0.050119621,0.659155649,0.164006043,0.823161692
01/08/2022 03:43,0.227178849,0.01912344,0.031690653,0,0.050814093,0.668092222,0.164420064,0.832512286
01/08/2022 03:44,0.229788671,0.019362898,0.032159893,0,0.05152279,0.677135182,0.164840508,0.84197569
01/08/2022 03:45,0.232444616,0.019606925,0.032639223,0,0.052246148,0.686285972,0.165267456,0.851553428
01/08/2022 03:46,0.235148032,0.01985566,0.033128964,0,0.052984623,0.695546069,0.16570099,0.861247058
01/08/2022 03:47,0.237900328,0.020109246,0.033629446,0,0.053738692,0.704916974,0.166141193,0.871058167
01/08/2022 03:48,0.240702979,0.020367836,0.034141017,0,0.054508853,0.714400225,0.16658815,0.880988375
01/08/2022 03:49,0.243557531,0.020631587,0.034664042,0,0.055295629,0.723997388,0.167041948,0.891039336
01/08/2022 03:50,0.246465601,0.020900663,0.035198902,0,0.056099566,0.733710063,0.167502673,0.901212736
01/08/2022 03:51,0.249428888,0.02117524,0.035745997,0,0.056921237,0.743539886,0.167970415,0.911510301
01/08/2022 03:52,0.252449175,0.021455498,0.036305745,0,0.057761244,0.753488526,0.168445264,0.921933789
01/08/2022 03:53,0.255528336,0.02174163,0.036878588,0,0.058620218,0.763557689,0.16892731,0.932485
01/08/2022 03:54,0.258668341,0.022033837,0.037464987,0,0.059498824,0.773749121,0.169416648,0.943165769
01/08/2022 03:55,0.261871264,0.022332329,0.038065431,0,0.06039776,0.784064603,0.169913371,0.953977974
01/08/2022 03:56,0.265139294,0.022637331,0.03868043,0,0.061317761,0.794505961,0.170417575,0.964923536
01/08/2022 03:57,0.268474735,0.022949077,0.039310525,0,0.062259603,0.805075058,0.170929358,0.976004417
01/08/2022 03:58,0.271880026,0.023267817,0.039956287,0,0.063224103,0.815773805,0.17144882,0.987222625
01/08/2022 03:59,0.275357744,0.023593811,0.040618316,0,0.064212127,0.826604155,0.171976059,0.998580214
01/08/2022 04:00,0.278910615,0.023927338,0.041297249,0,0.065224588,0.837568109,0.17251118,1.010079289
01/08/2022 04:01,0.282541531,0.024268693,0.04199376,0,0.066262453,0.848667715,0.173054285,1.021722
01/08/2022 04:02,0.286253562,0.024618186,0.042708561,0,0.067326747,0.859905073,0.173605482,1.033510555
01/08/2022 04:03,0.290049969,0.02497615,0.04344241,0,0.06841856,0.871282336,0.174164877,1.045447212
01/08/2022 04:04,0.293934223,0.025342937,0.044196111,0,0.069539049,0.882801708,0.174732579,1.057534287
01/08/2022 04:05,0.297910025,0.025718922,0.044970521,0,0.070689444,0.894465454,0.175308701,1.069774154
01/08/2022 04:06,0.301981325,0.026104506,0.045766551,0,0.071871057,0.906275895,0.175893355,1.08216925
01/08/2022 04:07,0.306152347,0.026500115,0.046585175,0,0.07308529,0.918235416,0.176486656,1.094722072
01/08/2022 04:08,0.310427613,0.026906209,0.047427432,0,0.074333641,0.930346465,0.177088723,1.107435187
01/08/2022 04:09,0.314811979,0.027323277,0.048294436,0,0.075617712,0.942611557,0.177699674,1.120311231
01/08/2022 04:10,0.319310662,0.027751846,0.049187381,0,0.076939227,0.955033281,0.178319631,1.133352912
01/08/2022 04:11,0.323929282,0.028192484,0.050107551,0,0.078300035,0.967614295,0.178948718,1.146563012
01/08/2022 04:12,0.328673906,0.028645801,0.051056327,0,0.079702128,0.980357337,0.17958706,1.159944398
01/08/2022 04:13,0.333551095,0.029112459,0.0520352,0,0.081147659,0.993265228,0.180234788,1.173500016
01/08/2022 04:14,0.338567966,0.029593172,0.053045782,0,0.082638954,1.006340871,0.18089203,1.187232901
01/08/2022 04:15,0.34373225,0.030088717,0.05408982,0,0.084178537,1.019587262,0.181558922,1.201146184
01/08/2022 04:16,0.349052375,0.030599939,0.055169212,0,0.085769151,1.03300749,0.182235599,1.215243089
01/08/2022 04:17,0.354537548,0.031127761,0.056286026,0,0.087413787,1.046604746,0.182922199,1.229526945
01/08/2022 04:18,0.360197859,0.031673191,0.057442521,0,0.089115712,1.060382326,0.183618865,1.244001191
01/08/2022 04:19,0.366044404,0.032237339,0.058641172,0,0.09087851,1.074343638,0.184325741,1.258669379
01/08/2022 04:20,0.372089417,0.032821424,0.0598847,0,0.092706124,1.088492212,0.185042974,1.273535186
01/08/2022 04:21,0.378346442,0.033426797,0.061176107,0,0.094602904,1.102831701,0.185770715,1.288602416
01/08/2022 04:22,0.384830529,0.034054953,0.062518717,0,0.09657367,1.117365896,0.186509118,1.303875014
01/08/2022 04:23,0.391558469,0.034707561,0.063916225,0,0.098623785,1.132098733,0.18725834,1.319357073
01/08/2022 04:24,0.398549078,0.035386486,0.065372754,0,0.10075924,1.147034301,0.188018541,1.335052843
01/08/2022 04:25,0.405823544,0.036093825,0.066892931,0,0.102986757,1.162176858,0.188789886,1.350966744
01/08/2022 04:26,0.413405847,0.03683195,0.068481973,0,0.105313922,1.177530838,0.189572543,1.367103381
01/08/2022 04:27,0.421323282,0.037603552,0.070145789,0,0.107749342,1.193100871,0.190366683,1.383467554
01/08/2022 04:28,0.429607106,0.038411712,0.071891123,0,0.110302835,1.208891798,0.191172483,1.400064281
01/08/2022 04:29,0.438293357,0.039259971,0.073725714,0,0.112985685,1.224908687,0.191990123,1.41689881
01/08/2022 04:30,0.44742389,0.040152439,0.075658511,0,0.11581095,1.241156857,0.192819788,1.433976645
01/08/2022 04:31,0.457047715,0.041093916,0.077699947,0,0.118793863,1.257641903,0.193661667,1.45130357
01/08/2022 04:32,0.467222745,0.042090066,0.079862292,0,0.121952358,1.274369721,0.194515956,1.468885677
01/08/2022 04:33,0.478018109,0.043147634,0.082160126,0,0.125307761,1.291346548,0.195382854,1.486729402
01/08/2022 04:34,0.489517268,0.044274752,0.084610966,0,0.128885718,1.308578997,0.196262567,1.504841563
01/08/2022 04:35,0.501822303,0.045481342,0.087236133,0,0.132717474,1.326074103,0.197155306,1.523229409
01/08/2022 04:36,0.51505992,0.046779697,0.090061958,0,0.136841655,1.343839197,0.19806129,1.541900487
01/08/2022 04:37,0.529390102,0.048185308,0.093121524,0,0.141306833,1.361874855,0.198980743,1.560855598
01/08/2022 04:38,0.545018908,0.049718085,0.09645722,0,0.146175305,1.380185876,0.199913897,1.580099773
01/08/2022 04:39,0.56221807,0.051404229,0.100124652,0,0.151528881,1.398781648,0.200860993,1.59964264
01/08/2022 04:40,0.58135622,0.053279207,0.104198855,0,0.157478063,1.417672458,0.201822279,1.619494737
01/08/2022 04:41,0.602951119,0.05539273,0.10878465,0,0.164177381,1.436869693,0.202798014,1.639667707
01/08/2022 04:42,0.627762404,0.057817572,0.114034976,0,0.171852547,1.456386107,0.203788467,1.660174573
01/08/2022 04:43,0.65696944,0.060666462,0.12018594,0,0.180852402,1.476236206,0.204793919,1.681030125
01/08/2022 04:44,0.692548808,0.064127908,0.12763097,0,0.191758878,1.496436842,0.205814665,1.702251507
01/08/2022 04:45,0.738198554,0.068553764,0.137101748,0,0.205655513,1.517008153,0.206851017,1.72385917
01/08/2022 04:46,0.802158038,0.074726053,0.150218247,0,0.2249443,1.537975271,0.207903306,1.745878577
01/08/2022 04:47,0.910170267,0.085081466,0.172006514,0,0.25708798,1.559371879,0.208971888,1.768343767
01/08/2022 04:48,1.237301583,0.116161456,0.236490138,0,0.352651594,1.581250295,0.21005716,1.791307454
01/08/2022 04:49,0.785768917,0.074069523,0.151779267,0,0.22584879,1.603740808,0.211159594,1.814900402
01/08/2022 04:50,0.617259796,0.058348256,0.120097471,0,0.178445726,1.626810829,0.212279708,1.839090537
01/08/2022 04:51,0.53792175,0.05096558,0.105283441,0,0.156249021,1.650281259,0.21341793,1.863699189
01/08/2022 04:52,0.484145106,0.045963647,0.095253778,0,0.141217425,1.674080453,0.21457458,1.888655033
01/08/2022 04:53,0.443093017,0.042143598,0.087588458,0,0.129732056,1.698170108,0.215749932,1.91392004
01/08/2022 04:54,0.409775438,0.039040479,0.081352461,0,0.120392939,1.722522912,0.216944231,1.939467142
01/08/2022 04:55,0.381706214,0.036423117,0.076082505,0,0.112505622,1.747117396,0.218157701,1.965275097
01/08/2022 04:56,0.357458046,0.034159053,0.071513962,0,0.105673015,1.771935788,0.219390551,1.991326339
01/08/2022 04:57,0.336131304,0.032164937,0.0674808,0,0.099645737,1.796962889,0.220642974,2.017605862
01/08/2022 04:58,0.317119884,0.030384702,0.063871619,0,0.094256321,1.82218541,0.221915152,2.044100562
01/08/2022 04:59,0.29999448,0.028778691,0.060607799,0,0.08938649,1.847591546,0.223207255,2.070798801
01/08/2022 05:00,0.284438919,0.027317729,0.057631622,0,0.084949351,1.87317068,0.224519446,2.097690126
01/08/2022 05:01,0.27021295,0.025979671,0.054899346,0,0.080879017,1.898913172,0.225851877,2.124765049
01/08/2022 05:02,0.257129279,0.024747265,0.052376946,0,0.077124211,1.924810205,0.227204692,2.152014898
01/08/2022 05:03,0.24503875,0.023606784,0.050037372,0,0.073644155,1.950853661,0.228578029,2.17943169
01/08/2022 05:04,0.233820412,0.022547099,0.047858717,0,0.070405816,1.977036025,0.22997202,2.207008045
01/08/2022 05:05,0.223374664,0.02155905,0.045822959,0,0.067382009,2.003350317,0.231386787,2.234737104
01/08/2022 05:06,0.21361838,0.020634994,0.043915063,0,0.064550057,2.029790019,0.232822452,2.262612471
01/08/2022 05:07,0.204481376,0.019768477,0.042122338,0,0.061890815,2.056349034,0.234279125,2.29062816
01/08/2022 05:08,0.195903779,0.018953994,0.040433954,0,0.059387947,2.083021636,0.235756918,2.318778553
01/08/2022 05:09,0.187834054,0.018186804,0.038840584,0,0.057027388,2.109802435,0.237255932,2.347058366
01/08/2022 05:10,0.180227477,0.017462795,0.037334129,0,0.054796924,2.136686347,0.238776267,2.375462614
01/08/2022 05:11,0.173044958,0.016778367,0.035907502,0,0.052685869,2.163668569,0.240318018,2.403986587
01/08/2022 05:12,0.166252103,0.016130353,0.03455446,0,0.050684814,2.190744549,0.241881276,2.432625825
01/08/2022 05:13,0.159818479,0.015515951,0.033269469,0,0.048785421,2.217909971,0.243466128,2.461376099
01/08/2022 05:14,0.153717004,0.014932664,0.032047598,0,0.046980262,2.245160735,0.245072658,2.490233394
01/08/2022 05:15,0.147923469,0.014378257,0.030884429,0,0.045262687,2.272492941,0.246700946,2.519193888
01/08/2022 05:16,0.142416131,0.013850724,0.029775988,0,0.043626713,2.299902873,0.248351069,2.548253943
01/08/2022 05:17,0.137175385,0.013348254,0.028718683,0,0.042066937,2.327386988,0.250023101,2.57741009
01/08/2022 05:18,0.132183486,0.012869206,0.027709255,0,0.040578461,2.354941904,0.251717112,2.606659016
01/08/2022 05:19,0.127424316,0.012412087,0.026744739,0,0.039156825,2.382564387,0.253433172,2.635997558
01/08/2022 05:20,0.122883191,0.011975537,0.025822423,0,0.037797961,2.410251344,0.255171344,2.665422689
01/08/2022 05:21,0.118546688,0.011558313,0.024939827,0,0.03649814,2.437999816,0.256931693,2.694931509
01/08/2022 05:22,0.11440251,0.011159272,0.02409467,0,0.035253942,2.465806963,0.258714278,2.724521242
01/08/2022 05:23,0.110439355,0.010777365,0.02328485,0,0.034062215,2.493670065,0.260519158,2.754189224
01/08/2022 05:24,0.106646817,0.010411624,0.022508427,0,0.032920051,2.52158651,0.262346389,2.783932899
01/08/2022 05:25,0.103015289,0.010061154,0.021763606,0,0.03182476,2.549553787,0.264196024,2.813749812
01/08/2022 05:26,0.099535885,0.009725128,0.021048721,0,0.030773849,2.577569486,0.266068116,2.843637602
01/08/2022 05:27,0.096200368,0.009402777,0.020362224,0,0.029765001,2.605631287,0.267962713,2.873593999
01/08/2022 05:28,0.093001092,0.009093387,0.019702675,0,0.028796062,2.633736956,0.269879863,2.903616819
01/08/2022 05:29,0.089930943,0.008796293,0.019068729,0,0.027865023,2.661884345,0.271819613,2.933703958
01/08/2022 05:30,0.086983293,0.008510876,0.018459131,0,0.026970007,2.69007138,0.273782007,2.963853387
01/08/2022 05:31,0.084151957,0.008236555,0.017872705,0,0.02610926,2.718296064,0.275767087,2.994063151
01/08/2022 05:32,0.081431156,0.007972789,0.017308351,0,0.02528114,2.746556469,0.277774894,3.024331364
01/08/2022 05:33,0.07881548,0.00771907,0.016765034,0,0.024484105,2.774850736,0.279805468,3.054656205
01/08/2022 05:34,0.076299861,0.007474922,0.016241785,0,0.023716708,2.803177068,0.281858847,3.085035915
01/08/2022 05:35,0.073879543,0.007239898,0.015737691,0,0.022977589,2.831533728,0.283935067,3.115468794
01/08/2022 05:36,0.071550058,0.007013577,0.015251891,0,0.022265468,2.859919037,0.286034162,3.1459532
01/08/2022 05:37,0.069307206,0.006795563,0.014783574,0,0.021579137,2.888331374,0.288156168,3.176487542
01/08/2022 05:38,0.067147031,0.006585483,0.014331976,0,0.020917458,2.916769167,0.290301115,3.207070282
01/08/2022 05:39,0.065065805,0.006382985,0.013896372,0,0.020279357,2.945230894,0.292469036,3.23769993
01/08/2022 05:40,0.063060013,0.006187737,0.01347608,0,0.019663816,2.973715083,0.294659961,3.268375044
01/08/2022 05:41,0.061126334,0.005999424,0.013070451,0,0.019069875,3.002220307,0.296873917,3.299094224
01/08/2022 05:42,0.05926163,0.005817751,0.012678873,0,0.018496624,3.030745181,0.299110934,3.329856115
01/08/2022 05:43,0.057462934,0.005642434,0.012300765,0,0.0179432,3.059288363,0.301371037,3.3606594
01/08/2022 05:44,0.055727435,0.005473209,0.011935575,0,0.017408784,3.087848551,0.303654253,3.391502804
01/08/2022 05:45,0.054052472,0.005309821,0.011582779,0,0.0168926,3.116424479,0.305960605,3.422385085
01/08/2022 05:46,0.052435521,0.005152032,0.011241879,0,0.016393911,3.145014921,0.308290119,3.45330504
01/08/2022 05:47,0.050874188,0.004999613,0.010912403,0,0.015912015,3.173618683,0.310642815,3.484261498
01/08/2022 05:48,0.049366198,0.004852348,0.010593899,0,0.015446247,3.202234605,0.313018716,3.515253321
01/08/2022 05:49,0.047909392,0.004710032,0.010285939,0,0.014995971,3.230861559,0.315417844,3.546279402
01/08/2022 05:50,0.046501717,0.004572468,0.009988115,0,0.014560583,3.259498447,0.317840217,3.577338665
01/08/2022 05:51,0.045141218,0.00443947,0.009700036,0,0.014139507,3.288144203,0.320285856,3.60843006
01/08/2022 05:52,0.043826036,0.004310861,0.009421333,0,0.013732194,3.316797786,0.322754779,3.639552566
01/08/2022 05:53,0.0425544,0.004186471,0.00915165,0,0.013338121,3.345458184,0.325247004,3.670705188
01/08/2022 05:54,0.041324623,0.004066139,0.008890649,0,0.012956788,3.374124409,0.327762547,3.701886956
01/08/2022 05:55,0.040135094,0.003949711,0.008638006,0,0.012587717,3.402795498,0.330301425,3.733096923
01/08/2022 05:56,0.03898428,0.003837039,0.008393414,0,0.012230453,3.431470514,0.332863654,3.764334168
01/08/2022 05:57,0.037870715,0.003727984,0.008156576,0,0.01188456,3.460148541,0.335449248,3.795597789
01/08/2022 05:58,0.036792999,0.003622411,0.00792721,0,0.011549621,3.488828684,0.338058221,3.826886906
01/08/2022 05:59,0.035749798,0.003520192,0.007705045,0,0.011225237,3.517510072,0.340690588,3.85820066
01/08/2022 06:00,0.034739832,0.003421205,0.007489823,0,0.010911028,3.546191849,0.343346362,3.889538211
